Cliente,Servicio,Equipo,Fecha,Tecnico,Tecnico2,Presupuesto,Estado,Observacion
QUIMFA,TERMINAR INSTALACIÓN Y CALIF DE SOFTWARE,SOFTWARE,2026-01-05,Fernando,,,REALIZADO,
FARMACO,PROBLEMAS CON LA CELDA HPLC LCC03,HPLC,2026-01-05,Adan,,,REALIZADO,
IRIBAS,INSTALACION DENSITOMETRO CON ING,DENSITOMETRO,2026-01-05,Carlos,,,REALIZADO,INSTALACION DENSITOMETRO CON ING
DSN,CALIF DE UN EQUIPO HPLC MODULAR OQ/PQ/IQ,HPLC,2026-01-05,Zulma,,,REALIZADO,CALIF DE UN EQUIPO HPLC MODULAR OQ/PQ/IQ
MSP&BS,INSTALACION 1 EQUIPOS RAYOS X EN FUERTE OLIMPO,RAYOS X,2026-01-05,Josías/Ing Dietrich,,,REALIZADO,INSTALACION 7 EQUIPOS RAYOS X (3 DÍAS X EQUIPO)
ANALITICA,GC,GC,2025-01-06,Adan,,,REALIZADO,
IRIBAS,INSTALACION DENSITOMETRO CON ING DE BRASIL,DENSITOMETRO,2026-01-06,Carlos,,,REALIZADO,INSTALACION DENSITOMETRO CON ING
MSP&BS,INSTALACION 1 EQUIPOS RAYOS X EN FUERTE OLIMPO,RAYOS X,2026-01-06,Josías/Ing Dietrich,,,REALIZADO,INSTALACION 7 EQUIPOS RAYOS X (3 DÍAS X EQUIPO)
QUIMFA,MP HPLC 20  VIVIANA SABATE,HPLC,2026-01-06,Fernando/Rossana,,,REALIZADO,
INTN,RELEVAMIENTO REPARACION CAMPANA EXTRACTORA,CAMPANA,2026-01-07,Jaime/José,,,REALIZADO,RELEVAMIENTO REPARACION CAMPANA EXTRACTORA
SCAVONE,CAMBIO DE TUBERIA UPLC 40 LIC OSVALDO CACERES,UPLC,2025-01-07,Adan,,,REALIZADO,CAMBIO DE TUBERIA UPLC 40 LIC OSVALDO CACERES
FARMACO,CALIF HPLC 3,HPLC,2026-01-07,Zulma,,,REALIZADO,CALIF HPLC 3
IRIBAS,INSTALACION DENSITOMETRO CON ING DE BRASIL,DENSITOMETRO,2026-01-07,Carlos,,,REALIZADO,INSTALACION DENSITOMETRO CON ING DE BRASIL
DSN,DIAGNOSTICO FALLA HPLC MODULAR OQ/PQ/IQ,HPLC,2026-01-08,Adan/Rosana,,,REALIZADO,DIAGNOSTICO FALLA HPLC MODULAR OQ/PQ/IQ
GUAYAKI,HPLC 2 VOL DE INYECCION,HPLC,2026-01-08,Adan/Rosana,,,REALIZADO,HPLC 2 PROBLEMAS DE LA CELDA
ANALITICA,CAMBIO DE LA ROSCA POR FUGA DE GAS DEL OXIDO NITROSO,AA,2026-01-09,Adán,,,REALIZADO,CAMBIO DE LA ROSCA POR FUGA DE GAS DEL OXIDO NITROSO
ANALITICA,CAMBIO DE ACEITE,LCMS,2026-01-09,Adán,,,REALIZADO,CAMBIO DE ACEITE
MSP&BS,VILLARRICA: ENTREGA E INSTALACION  DE EQUIPOS RAYOS X,RAYOS X,12 AL 16,Carlos / Josias,,,REALIZADO,VILLARRICA: ENTREGA E INSTALACION  DE EQUIPOS RAYOS X
MSP&BS,YHU: TERMINAR INSTALACION,RAYOS X,12 AL 16,Carlos / Josias,,,REALIZADO,YHU: TERMINAR INSTALACION
SCAVONE,MC: PANDAE4SP0001 VARIACION DE LA ABSORBANCIA DARIO BENITEZ,UV,2026-01-12,Junior,,,REALIZADO,MC: PANDAE4SP0001 VARIACION DE LA ABSORBANCIA DARIO BENITEZ
ANALITICA,TALLER: UPS DE METALES,UPS,2026-01-12,Junior,,,REALIZADO,TALLER: UPS DE METALES
CHDS,INSTALACION Y CALIF DE 2 HPLC NUEVOS SIN COMPUTADORA,HPLC,12 AL 15 ENERO,Zulma / Jaime,,,REALIZADO,INSTALACION Y CALIF DE 2 HPLC NUEVOS SIN COMPUTADORA
AKTRA,MANTENIMIENTO Y CALIF GC,GC,2026-01-12,Adan,,,REALIZADO,MANTENIMIENTO Y CALIF GC
AKTRA,MANTENIMIENTO Y CALIF GC,GC,2026-01-13,Adan/José,,,REALIZADO,MANTENIMIENTO Y CALIF GC
MSP&BS,YHU: TERMINAR INSTALACION,RAYOS X,2026-01-13,Carlos / Josias,,,REALIZADO,YHU: TERMINAR INSTALACION
CHDS,INSTALACION Y CALIF DE 2 HPLC NUEVOS SIN COMPUTADORA,HPLC,12 AL 15 ENERO,Zulma / Jaime,,,REALIZADO,INSTALACION Y CALIF DE 2 HPLC NUEVOS SIN COMPUTADORA
PROSALUD,"RELEVAMIENTO CCF, DEA Y CCM NÉSTOR OVELAR",VARIOS,2026-01-14,Fernando/José,,,REALIZADO,"RELEVAMIENTO CCF, DEA Y CCM NÉSTOR OVELAR"
PROSALUD,UHPLC HACE RUIDO AL ENCENDER,UHPLC,2026-01-14,FernandoJosé,,,REALIZADO,UHPLC HACE RUIDO AL ENCENDER
ANALITICA,TERMINAR VERIFICACION DEL LCMS,LCMS,2026-01-14,Adán,,,REALIZADO,TERMINAR VERIFICACION DEL LCMS
FARMACO,HPLC06: PROBLEMAS CON EL INYECTOR KAREN FRANCO,HPLC,2026-01-14,Junior,,,REALIZADO,HPLC06: PROBLEMAS CON EL INYECTOR KAREN FRANCO
DUTRIEC,DG-EQ-015 NO LANZA SECUENCIA Y PROBLEMA CON EL SOFTWARE,HPLC Y SOFT,2026-01-14,Junior/Rosana,,,REALIZADO,DG-EQ-015 NO LANZA SECUENCIA Y PROBLEMA CON EL SOFTWARE
MSP&BS,CAAZAPÁ: ENTREGA DE EQUIPOS RAYOS X,RAYOS X,2026-01-15,Carlos,,,REALIZADO,CAAZAPÁ: ENTREGA DE EQUIPOS RAYOS X
MSP&BS,ENTREGA DE EQUIPOS MILLI-Q,MILLI-Q,2026-01-15,Carlos,,,REALIZADO,ENTREGA DE EQUIPOS MILLI-Q
MSP&BS,ENTREGA ESTUFAS SAN LORENZO: USF LAS MARIAS Y USF VIRGEN DE FAT,BOYN,2026-01-15,Fernando JOSE,,,REALIZADO,ENTREGA ESTUFAS SAN LORENZO: USF LAS MARIAS Y USF VIRGEN DE FAT
SCAVONE,CAMBIO DE LAMPARAS PARA EL HPLC21,HPLC,2026-01-15,Jaime/José,,,REALIZADO,CAMBIO DE LAMPARAS PARA EL HPLC21
TECNOMYL,HPLC6: DIFERENCIAS EN LOS TIEMPOS DE RETENCION,HPLC,2026-01-16,Fernando,,,REALIZADO,HPLC6: DIFERENCIAS EN LOS TIEMPOS DE RETENCION
ANALITICA,MP DE UN AUTOCLAVE,AUTOCLAVE,2026-01-16,Adán/Rosana,,,REALIZADO,MP DE UN AUTOCLAVE
GUAYAKI,HPLC: NO ESTABILIZA LA PRESION,HPLC,2026-01-16,Jaime/José,,,REALIZADO,HPLC: NO ESTABILIZA LA PRESION
DSN,CALIF HPLC MODULAR IQ OQ PQ,HPLC,2026-01-16,Zulma,,,REALIZADO,CALIF HPLC MODULAR IQ OQ PQ
FARMACO,LLEVAR AGUJA Y APOYA AGUJA HPLC6,HPLC,2026-01-16,TECNICOS,,,REALIZADO,LLEVAR AGUJA Y APOYA AGUJA HPLC6
AKTRA,GC: NO SALEN LOS PICOS,GC,2026-01-19,Adan,,,REALIZADO,GC: NO SALEN LOS PICOS
QUIMFA,HPLC 15 ESTABILIDAD ERROR 0X93F4 FILTRO DE HOLMIO,HPLC,2026-01-19,Carlos/Rosana,,,REALIZADO,HPLC 15 ESTABILIDAD ERROR 0X93F4 FILTRO DE HOLMIO
DUTRIEC,DG-EQ-030 NO TIENE REPETIBILIDAD,HPLC,2026-01-19,Junior,,,REALIZADO,DG-EQ-030 NO TIENE REPETIBILIDAD
GUAYAKI,CALIF HPLC 2,HPLC,2026-01-19,Zulma,,,REALIZADO,CALIF HPLC 2
LASCA,MANT. Y CALIF DEL TOC,TOC,2026-01-19,Jaime/José,,,REALIZADO,MANT. Y CALIF DEL TOC
ETICOS,GC IYDCR02 DE JESSICA PAVON NO ENCIENDE LA LLAMA Y SALE ERROR E4204,GC,2026-01-19,Josías,,,REALIZADO,
TECNOMYL,HPLC14: PROBLEMAS CON EL AUTOSAMPLER,HPLC,2026-01-20,Josías,,,REALIZADO,
IRIBAS,REUNION CON LA GENTE DE IRIBAS,,2026-01-20,Carlos,,,REALIZADO,
HTAL CLINICAS,VERIFICAR EQUIPO,RAYOS X,20/01/0206,Carlos,,,REALIZADO,
LAFASA,LLEVAR ROTOR E INSTALAR (CON REMISION) EQUIPO ERA DE CHDS,HPLC,2026-01-21,Fernando,,,REALIZADO,
QUIMFA,HPLC 15 PROBLEMAS CON EL CROMATOGRAMA,HPLC,2026-01-21,Carlos,,,REALIZADO,
QUIMFA,HPLC 26 PROBLEMAS CON LA LAMPARA VANESSA BARRIOS,HPLC,2026-01-21,Carlos,,,REALIZADO,
ANALITICA,TERMINAR REPARACION DE LA UPS,UPS,2026-01-21,Junior,,,REALIZADO,
GUAYAKI,REVISION HPLC 2 NO ESTABILIZA LA PRESION,HPLC,2026-01-21,Fernando,,,REALIZADO,
QUIMFA,MANT PREVENTIVO TOC,TOC,2026-01-21,Jaime,,,REALIZADO,
MSP&BS,CENTRAL: ENTREGA DE ESTUFAS,BOYN,2026-01-21,José/Isaac,,,REALIZADO,
PROSALUD,LLEVAR REPUESTOS DEL HPLC1 Y UHPLC1,HPLC,2026-01-22,Fernando/Rosana,,,REALIZADO,
MSP&BS,CENTRAL: ENTREGA DE ESTUFAS,BOYN,2026-01-22,José/Isaac,,,REALIZADO,
FARMACO,HPLC 7: INTESIDAD DE LA LAMPARA,HPLC,2026-01-22,Zulma,,,REALIZADO,
DUTRIEC,MANT PREVENTIVO 4 EQUIPOS HPLC,HPLC,2026-01-22,Junior/carlos,,,REALIZADO,
QUIMFA,HPLC 15 PROBLEMAS CON EL CROMATOGRAMA,HPLC,2026-01-22,Jaime,,,REALIZADO,
QUIMFA,HPLC 26 PROBLEMAS CON LA LAMPARA VANESSA BARRIOS,HPLC,2026-01-22,Jaime,,,REALIZADO,
DUTRIEC,MANT PREVENTIVO 4 EQUIPOS HPLC,HPLC,2026-01-23,Junior/Carlos,,,REALIZADO,
DUTRIEC,CALIF 2 EQUIPOS  CC-EQ-055 Y  CC-EQ-054,HPLC,2026-01-23,Zulma,,,REALIZADO,
PROSALUD,PROBLEMAS CON SU VENTILADOR,HPLC,2026-01-23,Fernando,,,REALIZADO,
CIAGROPA,HPLC INTEGRADO: PROBLEMAS CON EL LPGE,HPLC,2026-01-23,Fernando,,,REALIZADO,
SUMI,CAPACITACIÓN,HPLC,2026-01-24,TODOS,,,REALIZADO,
QUIMFA,HPLC 26: ERROR DE LA LAMPARA,HPLC,2026-01-26,Jaime,,,REALIZADO,HPLC 26: ERROR DE LA LAMPARA
SCAVONE,"MP EQUIPOS DE DESARROLLO (13 HPLC, 2 UV)",VARIOS,2026-01-26,Junior/José,,,REALIZADO,"MP EQUIPOS DE DESARROLLO (13 HPLC, 2 UV)"
SCAVONE,"MP EQUIPOS DE CONTROL DE CALIDAD (9 HPLC, 1 GC Y 1 UV)",VARIOS,2026-01-26,Carlos/Rosana,,,REALIZADO,"MP EQUIPOS DE CONTROL DE CALIDAD (9 HPLC, 1 GC Y 1 UV)"
DUTRIEC,CALIF 2 EQUIPOS  CC-EQ-055 Y  CC-EQ-054,HPLC,2026-01-26,Zulma,,,REALIZADO,CALIF 2 EQUIPOS  CC-EQ-055 Y  CC-EQ-054
SCAVONE,"MP EQUIPOS DE DESARROLLO (13 HPLC, 2 UV)",VARIOS,2026-01-27,Jaime/José/Rosana,,,REALIZADO,"MP EQUIPOS DE DESARROLLO (13 HPLC, 2 UV)"
MSP&BS,CAAGUAZU ENTREGA EQUIPOS RAYOS X,RAYOS X,2026-01-27,Carlos/Junior,,,REALIZADO,CAAGUAZU ENTREGA EQUIPOS RAYOS X
SCAVONE,"MP EQUIPOS DE DESARROLLO (13 HPLC, 2 UV)",VARIOS,2026-01-28,Jaime/José/Rosana,,,REALIZADO,"MP EQUIPOS DE DESARROLLO (13 HPLC, 2 UV)"
GRAMON,RELEVAMIENTO DE 3 EQUIPOS HPLC ALICIA PARRA,HPLC,2026-01-28,Fernando,,,REALIZADO,RELEVAMIENTO DE 3 EQUIPOS HPLC ALICIA PARRA
MSP&BS,CAAGUAZU ENTREGA EQUIPOS RAYOS X,RAYOS X,2026-01-28,Carlos/Junior,,,REALIZADO,CAAGUAZU ENTREGA EQUIPOS RAYOS X
PROSALUD,MANTENIMIENTO ULTRA FRREEZER,ULTRAFREEZER,2026-01-29,Junior,,,REALIZADO,MANTENIMIENTO ULTRA FRREEZER
SCAVONE,"MP EQUIPOS DE DESARROLLO (13 HPLC, 2 UV)",VARIOS,2026-01-29,Jaime/José/Rosana,,,REALIZADO,"MP EQUIPOS DE DESARROLLO (13 HPLC, 2 UV)"
GRAMON,RELEVAMIENTO DE 3 EQUIPOS HPLC ALICIA PARRA,HPLC,2026-01-29,Fernando,,,REALIZADO,RELEVAMIENTO DE 3 EQUIPOS HPLC ALICIA PARRA
DUTRIEC,MANT PREVENTIVO DG EQ 039,HPLC,2026-01-29,Fernando,,,REALIZADO,MANT PREVENTIVO DG EQ 039
IRIBAS,,,2026-01-29,Carlos,,,REALIZADO,
MSP&BS,ENTREGA E INSTALACION DE 6 ESTUFAS CIUDAD DE PARAGUARI,ESTUFAS,2026-01-30,José/Isaac,,,REALIZADO,ENTREGA E INSTALACION DE 6 ESTUFAS CIUDAD DE PARAGUARI
DUTRIEC,CALIF HPLC DE DESARROLLO,HPLC,2026-01-30,Zulma,,,REALIZADO,CALIF HPLC DE DESARROLLO
DIGESA,VERIFICAR ESTADO DE EQUIPOS DE AA MARIA JOSÉ JARA,AA,2026-01-30,Jaime,,,REALIZADO,VERIFICAR ESTADO DE EQUIPOS DE AA MARIA JOSÉ JARA
SCAVONE,"MP EQUIPOS DE DESARROLLO (13 HPLC, 2 UV)",VARIOS,2026-01-30,Junior,,,REALIZADO,"MP EQUIPOS DE DESARROLLO (13 HPLC, 2 UV)"
SCAVONE,"MP EQUIPOS DE CONTROL DE CALIDAD (9 HPLC, 1 GC Y 1 UV)",VARIOS,2026-01-30,Carlos,,,REALIZADO,"MP EQUIPOS DE CONTROL DE CALIDAD (9 HPLC, 1 GC Y 1 UV)"
GALMEDIC,RELEVAMIENTO 5 HPLC,HPLC,2026-01-30,Fernando,,,REALIZADO,RELEVAMIENTO 5 HPLC
MSP&BS,ENTREGA E INSTALACION DE 4 ESTUFAS,ESTUFAS,2026-02-02,José/Isaac,,,REALIZADO,ENTREGA E INSTALACION DE 4 ESTUFAS
SCAVONE,"MP EQUIPOS DE DESARROLLO (13 HPLC, 2 UV)",VARIOS,2026-02-02,Carlos,,,REALIZADO,"MP EQUIPOS DE DESARROLLO (13 HPLC, 2 UV)"
QUIMFA,INSTALACION EQUIPO GC CON HS,GC,2026-02-02,Adán,,,REALIZADO,INSTALACION EQUIPO GC CON HS
DIGESA,REVISION DE EQUIPOS DE AA,AA,2026-02-02,Jaime,,,REALIZADO,REVISION DE EQUIPOS DE AA
GUAYAKI,PROBLEMAS CON EL TOC,TOC,2026-02-02,Fernando,,,REALIZADO,PROBLEMAS CON EL TOC
MSP&BS,ENTREGA E INSTALACION DE 4 ESTUFAS (ITA) A CONFIRMAR,ESTUFAS,2026-02-03,José/Isaac,,,REALIZADO,ENTREGA E INSTALACION DE 4 ESTUFAS (ITA) A CONFIRMAR
FAC POLITECNICA,INSTALAR HORNO MUFFLA,MUFFLA,2026-02-03,Jaime,,,REALIZADO,INSTALAR HORNO MUFFLA
PHARMA IND,MANT PREVENTIVO 1 EQUIPO,HPLC,2026-02-03,Fernando,,,REALIZADO,MANT PREVENTIVO 1 EQUIPO
SCAVONE,"MP EQUIPOS DE DESARROLLO (13 HPLC, 2 UV)",VARIOS,2026-02-03,Carlos,,,REALIZADO,"MP EQUIPOS DE DESARROLLO (13 HPLC, 2 UV)"
SCAVONE,"MP EQUIPOS DE CONTROL DE CALIDAD (9 HPLC, 1 GC Y 1 UV)",VARIOS,2026-02-03,Junior,,,REALIZADO,"MP EQUIPOS DE CONTROL DE CALIDAD (9 HPLC, 1 GC Y 1 UV)"
PHARMA IND,CALIF 1 EQUIPO,HPLC,2026-02-04,Zulma,,,REALIZADO,CALIF 1 EQUIPO
HTAL POLICIA,TRAER PEDAL DE LA LAMPARA DE HENDIDURA A CONFIRMAR CON LA DRA,RODENSTOCK,2026-02-04,Jaime,,,REALIZADO,TRAER PEDAL DE LA LAMPARA DE HENDIDURA A CONFIRMAR CON LA DRA
MSP&BS,ENTREGA EQUIPOS RAYOS X EN CONCEPCION,RAYOS X,2026-02-04,Carlos/José,,,REALIZADO,ENTREGA EQUIPOS RAYOS X EN CONCEPCION
SCAVONE,"MP EQUIPOS DE DESARROLLO (13 HPLC, 2 UV)",VARIOS,2026-02-04,Junior,,,REALIZADO,"MP EQUIPOS DE DESARROLLO (13 HPLC, 2 UV)"
QUIMFA,INSTALACION DE SOFTWARE GC CON HS,SOFTWARE,2026-02-04,Fernando,,,REALIZADO,INSTALACION DE SOFTWARE GC CON HS
MSP&BS,ENTREGA EQUIPOS RAYOS X EN CONCEPCION,RAYOS X,2026-02-05,Carlos/José,,,REALIZADO,ENTREGA EQUIPOS RAYOS X EN CONCEPCION
SCAVONE,"MP EQUIPOS DE DESARROLLO (13 HPLC, 2 UV)",VARIOS,2026-02-05,Junior,,,REALIZADO,"MP EQUIPOS DE DESARROLLO (13 HPLC, 2 UV)"
SCAVONE,"MP EQUIPOS DE CONTROL DE CALIDAD (9 HPLC, 1 GC Y 1 UV)",VARIOS,2026-02-05,Jaime,,,REALIZADO,"MP EQUIPOS DE CONTROL DE CALIDAD (9 HPLC, 1 GC Y 1 UV)"
QUIMFA,CALIF DEL GC +HS,GC,2026-02-05,Adan,,,REALIZADO,CALIF DEL GC +HS
TECNOMYL,CAPACITACION DE CALIF,HPLC,2026-02-05,Josías,,,REALIZADO,CAPACITACION DE CALIF
PROSALUD,PERDIDA DE LIQUIDO HPLC,HPLC,2026-02-05,Fernando,,,REALIZADO,PERDIDA DE LIQUIDO HPLC
MSP&BS,ENTREGA EQUIPOS RAYOS X EN CONCEPCION,RAYOS X,2026-02-06,Carlos/José,,,REALIZADO,ENTREGA EQUIPOS RAYOS X EN CONCEPCION
MSP&BS,ENTREGA ESTUFAS EN CORDILLERA,BOYN,2026-02-06,Fernando,,,REALIZADO,ENTREGA ESTUFAS EN CORDILLERA
SCAVONE,"MP EQUIPOS DE DESARROLLO (13 HPLC, 2 UV)",VARIOS,2026-02-06,Jaime,,,REALIZADO,"MP EQUIPOS DE DESARROLLO (13 HPLC, 2 UV)"
SCAVONE,"MP EQUIPOS DE CONTROL DE CALIDAD (9 HPLC, 1 GC Y 1 UV)",VARIOS,2026-02-06,Junior,,,REALIZADO,"MP EQUIPOS DE CONTROL DE CALIDAD (9 HPLC, 1 GC Y 1 UV)"
GUAYAKI,ERROR EN LA INICIACION DEL EQUIPO,TOC,2026-02-09,Fernando,,,REALIZADO,ERROR EN LA INICIACION DEL EQUIPO
PHARMA IND,PERDIDA DE LIQUIDO EN EL INYECTOR,HPLC,2026-02-09,,,,REALIZADO,
GALENO,ROMPIÓ LA AGUJA DEL DISOLUTOR,SOTAX,2026-02-09,Adán,,,REALIZADO,ROMPIÓ LA AGUJA DEL DISOLUTOR
FUSQUIM,REVISAR BALANZA EP-100 NO IMPRIME,BALANZA,2026-02-09,José,,,REALIZADO,REVISAR BALANZA EP-100 NO IMPRIME
ANALITICA,INSTALACION REPUESTO HORNO GRAFITO,,,Josías,,,REALIZADO,INSTALACION REPUESTO HORNO GRAFITO
SCAVONE,"MP EQUIPOS DE DESARROLLO (13 HPLC, 2 UV)",VARIOS,2026-02-09,Carlos,,,REALIZADO,"MP EQUIPOS DE DESARROLLO (13 HPLC, 2 UV)"
SCAVONE,"MP EQUIPOS DE CONTROL DE CALIDAD (9 HPLC, 1 GC Y 1 UV)",GC,2026-02-09,Junior,,,REALIZADO,"MP EQUIPOS DE CONTROL DE CALIDAD (9 HPLC, 1 GC Y 1 UV)"
DUTRIEC,HPLC 055 PERDIDA DE LIQUIDO EN EL INYECTOR,HPLC,2026-02-09,Jaime,,,REALIZADO,HPLC 055 PERDIDA DE LIQUIDO EN EL INYECTOR
ETICOS,MP 2 EQUIPOS HPLC,HPLC,2026-02-10,Fernando,,,REALIZADO,MP 2 EQUIPOS HPLC
SENACSA,INSTALAR ACCESORIO DE MERCURIO,AA,2026-02-10,Josias,,,REALIZADO,INSTALAR ACCESORIO DE MERCURIO
TALLER,SCAVONE: HPLC 20 Y HPLC 21,HPLC,2026-02-10,Junior,,,REALIZADO,SCAVONE: HPLC 20 Y HPLC 21
SCAVONE,"MP EQUIPOS DE DESARROLLO (13 HPLC, 2 UV)",VARIOS,2026-02-10,Carlos,,,REALIZADO,"MP EQUIPOS DE DESARROLLO (13 HPLC, 2 UV)"
SCAVONE,MP EQUIPOS DE DESARROLLO PANDAESP01 UV,UV,2026-02-10,Carlos,,,REALIZADO,MP EQUIPOS DE DESARROLLO PANDAESP01 UV
SCAVONE,MP EQUIPOS DE DESARROLLO 2 DISOLUTORES,SOTAX,2026-02-10,Junior,,,REALIZADO,MP EQUIPOS DE DESARROLLO 2 DISOLUTORES
MSP&BS,ENTREGA DE ESTUFAS EN CORDILLERA,BOYN,2026-02-10,Jose,,,REALIZADO,ENTREGA DE ESTUFAS EN CORDILLERA
CETAPAR,NO PASA CHECK DE PRESION DE ACETILENO,AA,2026-02-10,Jaime,,,REALIZADO,NO PASA CHECK DE PRESION DE ACETILENO
ETICOS,MP 2 EQUIPOS HPLC,HPLC,2026-02-11,Fernando,,,REALIZADO,MP 2 EQUIPOS HPLC
MSP&BS,ENTREGA DE ESTUFAS EN CORDILLERA,BOYN,2026-02-11,Jose,,,REALIZADO,ENTREGA DE ESTUFAS EN CORDILLERA
ANALITICA,LINEA DE BASE ALTA,LCMS,2026-02-11,Josías,,,REALIZADO,LINEA DE BASE ALTA
ANALITICA,MANT UPS,UPS,2026-02-11,Junior,,,REALIZADO,MANT UPS
SCAVONE,"MP EQUIPOS DE DESARROLLO (13 HPLC, 2 UV)",VARIOS,2026-02-11,Carlos,,,REALIZADO,"MP EQUIPOS DE DESARROLLO (13 HPLC, 2 UV)"
CETAPAR,NO PASA CHECK DE PRESION DE ACETILENO,AA,2026-02-11,Jaime,,,REALIZADO,NO PASA CHECK DE PRESION DE ACETILENO
FAC. POLITEC,CAPACITACION MUFFLA,MUFFLA,2026-02-12,Adán,,,ENVIADO,
TECNOMYL,MP HPLC01 IDE,HPLC,2026-02-12,Fernando,,,REALIZADO,
HTAL POLICIA,LLEVAR EL PEDAL,HENDIDURA,2026-02-12,José,,,REALIZADO,
CMB,MANTENIMIENTO PREVENTIVO FLEXAVISION,RAYOS,2026-02-12,Carlos,,,REALIZADO,
ETICOS,CALIF 2 EQUIPOS HPLC,HPLC,2026-02-12,Zulma,,,REALIZADO,
MSP&BS,ENTREGA DE ESTUFAS EN CORDILLERA,BOYN,2026-02-12,Jose,,,REALIZADO,ENTREGA DE ESTUFAS EN CORDILLERA
QUIMFA,HPLC 25 MC Y MP VALIDACIONES,HPLC,2026-02-12,Jaime,,,REALIZADO,HPLC 25 MC Y MP VALIDACIONES
SCAVONE,MANT 2 DISOLUTORES Y UN ULTRA DESARROLLO,HPLC,2026-02-13,Carlos,,,REALIZADO,MANT 2 DISOLUTORES Y UN ULTRA DESARROLLO
ANALITICA,INSTALACION DE SOFTWARE DEL AOC,SOFTWARE,2026-02-13,Fernando,,,REALIZADO,INSTALACION DE SOFTWARE DEL AOC
QUIMFA,VALIDACIONES MP,,2026-02-13,Jaime,,,REALIZADO,VALIDACIONES MP
ETICOS,CALIF 2 EQUIPOS HPLC,HPLC,2026-02-16,Zulma,,,REALIZADO,CALIF 2 EQUIPOS HPLC
MSP&BS,ENTREGA DE ESTUFAS EN CORDILLERA,BOYN,2026-02-16,Jose,,,REALIZADO,ENTREGA DE ESTUFAS EN CORDILLERA
QUIMFA,VALIDACIONES MP,,2026-02-16,Jaime,,,REALIZADO,VALIDACIONES MP
ANALITICA,SOLUCIONAR SOFTWRE DEL GC,SOFTWARE,2026-02-16,Fernando,,,REALIZADO,SOLUCIONAR SOFTWRE DEL GC
ETICOS,CALIF 2 EQUIPOS EN IYD,HPLC,2026-02-17,Zulma,,,REALIZADO,CALIF 2 EQUIPOS EN IYD
DUTRIEC,CAMBIO SENSOR DEL RACK HPLC 055,HPLC,2026-02-17,Jaime,,,REALIZADO,CAMBIO SENSOR DEL RACK HPLC 055
DUTRIEC,VALVULA DE ACETILENO NO DETECTA PRESION,AA,2026-02-17,Jaime,,,REALIZADO,VALVULA DE ACETILENO NO DETECTA PRESION
QUIMFA,VALIDACIONES MP,HPLC,2026-02-17,Carlos,,,REALIZADO,VALIDACIONES MP
IRIS,MP 2 GC,GC,2026-02-17,Junior,,,REALIZADO,MP 2 GC
IRIS,MP 2 GC,GC,2026-02-18,Junior,,,REALIZADO,MP 2 GC
QUIMFA,VALIDACIONES MP,HPLC,2026-02-18,Jaime/Rosana,,,REALIZADO,VALIDACIONES MP
QUIMFA,AA EMITE UNA ALERTA AL ENCENDERSE,AA,2026-02-18,Jaime,,,REALIZADO,AA EMITE UNA ALERTA AL ENCENDERSE
ANALITICA,MANT PREVENTIVO DE EQUIPOS (HPLC 1),VARIOS,2026-02-18,Fernando/José,,,REALIZADO,MANT PREVENTIVO DE EQUIPOS (HPLC 1)
TALLER,GC INDUFAR REVISAR,GC,2026-02-18,Fernando,,,REALIZADO,GC INDUFAR REVISAR
HTAL DE POLICIA,ARMAR EL PEDAL DE HENDIDURA,PEDAL,2026-02-18,Carlos,,,REALIZADO,ARMAR EL PEDAL DE HENDIDURA
CLUB MBIGUA,TOMA DE MUESTRA EN ASUNCION HORA: 10:00 AM,TOMA DE PCB,2026-02-19,Junior,,,REALIZADO,TOMA DE MUESTRA EN ASUNCION HORA: 10:00 AM
PROSALUD,REUNION CON NESTOR OVELAR,,2026-02-19,Josías,,,REALIZADO,REUNION CON NESTOR OVELAR
QUIMFA,CALIF HPLC DE VALIDACIONES,,2026-02-19,Zulma,,,REALIZADO,CALIF HPLC DE VALIDACIONES
HTAL OVIEDO,PERILLA DEL MICROSCOPIO NO FUNCIONA,BOYN,2026-02-19,Adan,,,REALIZADO,PERILLA DEL MICROSCOPIO NO FUNCIONA
HTAL OVIEDO,LLEVAR MICROSCOPIO NUEVO,BOYN,2026-02-19,Adan,,,REALIZADO,LLEVAR MICROSCOPIO NUEVO
SCAVONE,HPLC 20 PRESENTA PERDIDA DE LIQUIDO EN EL INYECTOR LIC OSVALDO,HPLC,2026-02-19,Carlos,,,REALIZADO,HPLC 20 PRESENTA PERDIDA DE LIQUIDO EN EL INYECTOR LIC OSVALDO
ANALITICA,MANT PREVENTIVO EQUIPOS VARIOS,HPLC,2026-02-19,Jose,,,REALIZADO,MANT PREVENTIVO EQUIPOS VARIOS
ANALITICA,MANT PREVENTIVO EQUIPOS VARIOS,HPLC,2026-02-19,Rosana,,,REALIZADO,MANT PREVENTIVO EQUIPOS VARIOS
SUMI,REUNION INTEGRACION DEL ODOO CON LAB SOLUTIONS CS,SOFTWARE,2026-02-19,Fernando,,,REALIZADO,REUNION INTEGRACION DEL ODOO CON LAB SOLUTIONS CS
QUIMFA,AA EMITE UNA ALERTA AL ENCENDERSE,AA,2026-02-19,Jaime,,,REALIZADO,AA EMITE UNA ALERTA AL ENCENDERSE
QUIMFA,CALIF HPLC DE VALIDACIONES,,2026-02-19,Zulma,,,REALIZADO,CALIF HPLC DE VALIDACIONES
QUIMFA,HPLC 20: MP,,2026-02-19,Jaime,,,REALIZADO,HPLC 20: MP
ANALITICA,MANT PREVENT UPS,UPS,2026-02-20,Junior,,,REALIZADO,MANT PREVENT UPS
ANALITICA,MANT PREVENTIVO EQUIPOS VARIOS (VER LISTA),VARIOS,2026-02-20,Carlos,,,REALIZADO,MANT PREVENTIVO EQUIPOS VARIOS (VER LISTA)
ANALITICA,MANT PREVENTIVO EQUIPOS VARIOS (VER LISTA),VARIOS,2026-02-20,Jose,,,REALIZADO,MANT PREVENTIVO EQUIPOS VARIOS (VER LISTA)
ETICOS,FALLA DE IGNICION (E4204),GC,2026-02-20,Josias,,,REALIZADO,FALLA DE IGNICION (E4204)
ANALITICA,MANT PREVENTIVO EQUIPOS VARIOS (VER LISTA),VARIOS,2026-02-20,Rosana,,,REALIZADO,MANT PREVENTIVO EQUIPOS VARIOS (VER LISTA)
HTAL CLINICAS,RELEVAMIENTO CABINA DE BIOSEGURIDAD 09:00 PRESENTARSE A ELECTROMEDICINA,CABINA,2026-02-20,Jaime,,,REALIZADO,RELEVAMIENTO CABINA DE BIOSEGURIDAD 09:00 PRESENTARSE A ELECTROMEDICINA
ANALITICA,REVISION DEL HORNO DE GRAFITO,AA,2026-02-20,Jaime,,,REALIZADO,REVISION DEL HORNO DE GRAFITO
QUIMFA,HPLC 18 NO ESTABILIZA LA PRESION,HPLC,2026-02-20,Fernando,,,REALIZADO,HPLC 18 NO ESTABILIZA LA PRESION
PLENARIA,PLENARIA 2026,SAN BER,2026-02-21,TODOS,,,REALIZADO,PLENARIA 2026
QUIMFA,CALIF DE 3 HPLC DE VALIDACIONES,HPLC,2026-02-23,Zulma,,,REALIZADO,CALIF DE 3 HPLC DE VALIDACIONES
ANALITICA,MANT PEVENTIVO HPLC 4,HPLC,2026-02-23,José,,,REALIZADO,MANT PEVENTIVO HPLC 4
SHIMADZU,INTERCOMPARATORIO,UV,2026-02-23,Jaime,,,REALIZADO,INTERCOMPARATORIO
ANALITICA,MANT PREVENTIVO UPS,UPS,2026-02-23,Junior,,,REALIZADO,MANT PREVENTIVO UPS
ANALITICA,,,2026-02-23,Fernando,,,REALIZADO,
QUIMFA,CALIF DE 3 HPLC DE VALIDACIONES,HPLC,2026-02-24,Zulma,,,REALIZADO,CALIF DE 3 HPLC DE VALIDACIONES
ANALITICA,MP EQUIPOS VARIOS,VARIOS,2026-02-24,Junior/José,,,REALIZADO,MP EQUIPOS VARIOS
SAN BRITANICO,PROBLEMAS DE CONEXION,RAYOS X,2026-02-24,Carlos,,,REALIZADO,PROBLEMAS DE CONEXION
LAFASA,RELEVAMIENTO GC-2010 GC y VERIFICAR UN UV PARA MP Y CALIF y Relevamiento HPLC,"GC, UV Y HPLC",2026-02-24,Josías/ Fernando,,,REALIZADO,RELEVAMIENTO GC-2010 GC y VERIFICAR UN UV PARA MP Y CALIF y Relevamiento HPLC
ANALITICA,MP EQUIPOS VARIOS,HPLC,2026-02-25,Carlos,,,REALIZADO,MP EQUIPOS VARIOS
MICROBIOTICOS,VERIFICACION EQUIPO LCMS,LCMS,2026-02-25,Josias,,,REALIZADO,VERIFICACION EQUIPO LCMS
LAFASA,INSTALACION HPLC NUEVO,HPLC,2026-02-25,Junior/José,,,REALIZADO,INSTALACION HPLC NUEVO
STA MARGARITA,MP 1 HPLC Y 1 UV,HPLC, 25 AL 27 FEBRERO,Fernando/Zulma,,,REALIZADO,MP 1 HPLC Y 1 UV
ANALITICA,REVISION DEL HORNO GRAFITO,AA,2026-02-25,Jaime,,,REALIZADO,REVISION DEL HORNO GRAFITO
STA MARGARITA,MP 1 HPLC Y 1 UV,HPLC, 25 AL 27 FEBRERO,Fernando/Zulma,,,REALIZADO,MP 1 HPLC Y 1 UV
IRIS,RUIDO EN LA INYECCIÓN,GC,2026-02-26,Junior,,,REALIZADO,RUIDO EN LA INYECCIÓN
STA MARGARITA,MP 1 HPLC Y 1 UV,HPLC,2026-02-27,Fernando/Zulma,,,REALIZADO,MP 1 HPLC Y 1 UV
SCAVONE,HPLC 20 PROBLEMAS DEL FLEX DEL INYECTOR,HPLC,2026-02-27,Junior,,,REALIZADO,HPLC 20 PROBLEMAS DEL FLEX DEL INYECTOR
PROSALUD,HPLC 090 MAL FUNCIONAMIENTO DE LAS BOMBAS,HPLC,2026-02-27,Carlos,,,REALIZADO,HPLC 090 MAL FUNCIONAMIENTO DE LAS BOMBAS
ANALITICA,HORNO GRAFITO FALLA DE SENSOR DE TEMPERATURA,AA,2026-02-27,Jaime,,,REALIZADO,HORNO GRAFITO FALLA DE SENSOR DE TEMPERATURA
QUIMFA,HPLC 14: ERROR Z-HOME POSITION,HPLC,2026-03-03,Jaime,,,REALIZADO,
LAFASA,CALIF HPLC INSTALACION,HPLC,2026-03-03,Zulma,,,REALIZADO,
AKTRA,MANT PREVENTIVO1 HPLC,HPLC,2026-03-03,Junior,,,REALIZADO,
HTAL CLINICAS,RELEVAMIENTO RAYOS X,RAYOS X,2026-03-03,Carlos,,,REALIZADO,
DALLAS,MP 1 EQUIPO,HPLC,2026-03-03,Fernando,,,REALIZADO,
ANALITICA,UFLC 4 PERDIDA DE LIQUIDO,UFLC,2026-03-04,Junior,,,REALIZADO,
IRIS,REVISION DEL EQUIPO GC,GC,2026-03-04,Junior,,,REALIZADO,
PHARMA INDUSTRIES,LLEVAR CELDAS Y CAMBIAR AL HPLC,HPLC,2026-03-04,Fernando,,,REALIZADO,
GUAYAKI,REPUESTO DEL HPLC 2 LLEVAR Y CAMBIAR,HPLC,2026-03-04,Jaime,,,REALIZADO,
LAFASA,CALIF HPLC INSTALACION,HPLC,2026-03-04,Zulma,,,REALIZADO,
SENACSA,RELEVAMIENTO EQUIPO AA-6800,AA,2026-03-05,Jaime,,,REALIZADO,
PHARMA INDUSTRIES,CALIF 1 HPLC,HPLC,2026-03-05,Zulma,,,REALIZADO,
HTAL FILADELFIA,MANT PREVENTIVO EQUIPO RAYOS X,RAYOS X,2026-02-05,Carlos,,,REALIZADO,
TECNOMYL,HPLC11 : ERROR EN EL AUTOSAMPLER,HPLC,2026-02-05,Junior,,,REALIZADO,
FUSQUIM,MANT PREVENTIVO 5 HPLC,HPLC,2026-03-05,Fernando,,,REALIZADO,
PHARMA INDUSTRIES,CALIF 1 HPLC,HPLC,2026-03-06,Zulma,,,REALIZADO,
HTAL FILADELFIA,MANT PREVENTIVO EQUIPO RAYOS X,RAYOS X,2026-02-06,Carlos,,,REALIZADO,
SCAVONE,DISOLUTOR PROBLEMAS DE LA JERINGA,DISOLUTOR,2026-02-06,Junior,,,REALIZADO,
FUSQUIM,MANT PREVENTIVO 5 HPLC,HPLC,2026-03-06,Fernando,,,REALIZADO,
GUAYAKI,LLEVAR EQUIPO DE GUAYAKI HPLC 2,HPLC,2026-03-06,Jaime,,,REALIZADO,
SCAVONE,LLEVAR HPLC 20 REPARADO CON LA FACTURA DEL SERVICIO,HPLC,2026-03-09,Junior,,,REALIZADO,LLEVAR HPLC 20 REPARADO CON LA FACTURA DEL SERVICIO
CMB,EQUIPO RAYOS X SE MOJO,RAYOS X,2026-03-09,Carlos,,,REALIZADO,EQUIPO RAYOS X SE MOJO
AKTRA,CALIF 1 HPLC,HPLC,2026-03-09,Zulma,,,REALIZADO,CALIF 1 HPLC
FUSQUIM,MANT PREVENTIVO HPLC 475,HPLC,2026-03-09,Fernando,,,REALIZADO,MANT PREVENTIVO HPLC 475
ALMOS,UV: NO SE VISUALIZA NADA EN LA PANTALLA E IR: PRESENTA RUIDO,UV/ IR,2026-03-09,Jaime,,,REALIZADO,UV: NO SE VISUALIZA NADA EN LA PANTALLA E IR: PRESENTA RUIDO
PROSALUD,"MANT PREVENTIVO HPLC 131, 086, DEA-HPLC.001, 003, DEA-HPLC.005, 006 Y 007",HPLC,2026-03-10,Fernando/José,,,REALIZADO,
CORPEXIM,MANT PREVENT 2 HPLC (1 MODULAR/ 1 HPLC I-SERIES),HPLC,2026-03-10,Junior,,,REALIZADO,
ANALITICA,CALIF HPLC 5,HPLC,2026-03-10,Zulma,,,REALIZADO,
PROSALUD,"MANT PREVENTIVO HPLC 131, 086, DEA-HPLC.001, 003, DEA-HPLC.005, 006 Y 007",HPLC,2026-03-10,Carlos,,,REALIZADO,
TALLER,CAMBIAR EL REPUESTO DEL TOC DE INDUFAR,TOC,2026-03-10,Jaime,,,REALIZADO,
PROSALUD,"MANT PREVENTIVO HPLC 131, 086, DEA-HPLC.001, 003, DEA-HPLC.005, 006 Y 007",HPLC,2026-03-11,Fernando,,,REALIZADO,"MANT PREVENTIVO HPLC 131, 086, DEA-HPLC.001, 003, DEA-HPLC.005, 006 Y 007"
QUIMFA,PROBLEMAS CON EL DETCTOR RID DE VIVIVANA,HPLC,2026-03-11,Carlos,,,REALIZADO,PROBLEMAS CON EL DETCTOR RID DE VIVIVANA
HTAL CLINICAS,CAPACITACION EQUIPO RAYOS X 8:30 AM,RAYOS X,2026-03-11,Carlos,,,REALIZADO,CAPACITACION EQUIPO RAYOS X 8:30 AM
CORPEXIM,MANT PREVENT 2 HPLC (1 MODULAR/ 1 HPLC I-SERIES),HPLC,2026-03-11,Junior,,,REALIZADO,MANT PREVENT 2 HPLC (1 MODULAR/ 1 HPLC I-SERIES)
CORPEXIM,CALIF PREVENT 2 HPLC (1 MODULAR/ 1 HPLC I-SERIES),HPLC,2026-03-11,Zulma,,,REALIZADO,CALIF PREVENT 2 HPLC (1 MODULAR/ 1 HPLC I-SERIES)
PHARMA IND,PERDIDA DE LIQUIDO,HPLC,2026-03-12,Fernando/José,,,REALIZADO,PERDIDA DE LIQUIDO
ALMOS,PROBAR EL ENCHUFE POWER DEL IR,HPLC,2026-03-12,Junior,,,REALIZADO,PROBAR EL ENCHUFE POWER DEL IR
INPET,"INSTALACION, CALIF Y CAPATACITACION GC-2030",GC,2026-03-12,Jaime/Josías,,,REALIZADO,"INSTALACION, CALIF Y CAPATACITACION GC-2030"
CORPEXIM,CALIF PREVENT 2 HPLC (1 MODULAR/ 1 HPLC I-SERIES),HPLC,2026-03-12,Zulma,,,REALIZADO,CALIF PREVENT 2 HPLC (1 MODULAR/ 1 HPLC I-SERIES)
CORPEXIM,CALIF PREVENT 2 HPLC (1 MODULAR/ 1 HPLC I-SERIES),HPLC,2026-03-13,Zulma,,,REALIZADO,CALIF PREVENT 2 HPLC (1 MODULAR/ 1 HPLC I-SERIES)
INPET,"INSTALACION, CALIF Y CAPATACITACION GC-2030",GC,2026-03-13,Jaime/Josías,,,REALIZADO,"INSTALACION, CALIF Y CAPATACITACION GC-2030"
IRIS,ERROR DE CONEXION GC 2010,GC,2026-03-13,Junior,,,REALIZADO,ERROR DE CONEXION GC 2010
TALLER,ALMOS: REVISAR EQUIPO IR TIENE RUIDO,IR,2026-03-13,Junior,,,REALIZADO,ALMOS: REVISAR EQUIPO IR TIENE RUIDO
ANALITICA,REVISAR HPLC 5,HPLC,2026-03-13,Fernando/José,,,REALIZADO,REVISAR HPLC 5
ETICOS,DETECTA LIQUIDO EN EL HORNO  LFQHPL07,HPLC,2026-03-13,Fernando/José,,,REALIZADO,DETECTA LIQUIDO EN EL HORNO  LFQHPL07
SUMI,CAPACITACION DE MANTENIMIENTO DEL TOC,TOC,2026-03-14,TODOS,,,REALIZADO,CAPACITACION DE MANTENIMIENTO DEL TOC
MICROBIOTICOS,RETIRAR CONTROLADOR DE GAS GCMS QP2010 ADOLFO NIÑO,GCMS,2026-03-16,Fernando,,,REALIZADO,RETIRAR CONTROLADOR DE GAS GCMS QP2010 ADOLFO NIÑO
QUIMFA,HPLC 21: ERROR x9110 FRANCISCA VARGAS,HPLC,2026-03-16,Fernando,,,REALIZADO,HPLC 21: ERROR x9110 FRANCISCA VARGAS
INPET,INSTALACION/CALIF/CAPACITACION GC-2030,GC,2026-03-16,Josías,,,REALIZADO,INSTALACION/CALIF/CAPACITACION GC-2030
GUAYAKI,CALIF HPLC 2 MOD,HPLC,2026-03-16,Zulma,,,REALIZADO,CALIF HPLC 2 MOD
HTAL ENCARNACION,INSTALACION MICROSCOPIO MULTICABEZAL,MICROSCOPIO,2026-03-17,Carlos,,,REALIZADO,INSTALACION MICROSCOPIO MULTICABEZAL
GALMEDIC,PROBLEMAS CON EL SOFTWARE  IR  LLEVAR FACTURA,SOFTWARE,2026-03-17,Fernando,,,REALIZADO,PROBLEMAS CON EL SOFTWARE  IR  LLEVAR FACTURA
ANALITICA,PROBLEMAS CON EL HORNO GRAFITO,AA,2026-03-17,Jaime,,,REALIZADO,PROBLEMAS CON EL HORNO GRAFITO
HTAL ENCARNACION,INSTALACION MICROSCOPIO MULTICABEZAL,MICROSCOPIO,2026-03-18,Carlos,,,REALIZADO,
ALMOS,RETIRAR IR PARA REVISION EN EL TALLER DE SUMI,IR,2026-03-18,Junior,,,REALIZADO,
QUIMFA,HPLC 21 PROBLEMAS DE HOME POSITION,HPLC,2026-03-19,Junior,,,REALIZADO,
ETICOS,"CAMBIO DE DISPLAY, MANTENIMIENTO Y CALIFICACION UV 1900 JESSICA PAVON",ETICOS,2026-03-20,Jaime,,,REALIZADO,"CAMBIO DE DISPLAY, MANTENIMIENTO Y CALIFICACION UV 1900 JESSICA PAVON"
PHARMA IND,HPLC PIERDE LIQUIDO EN LA BOMBA,HPLC,2026-03-20,Fernando,,,REALIZADO,HPLC PIERDE LIQUIDO EN LA BOMBA
CEMIT,"MANT PREVENTIVO AA-7000, GC-2014 Y HPLC 19",VARIOS,2026-03-23,Jaime/José/FERNANDO,,,PENDIENTE,"MANT PREVENTIVO AA-7000, GC-2014 Y HPLC 19"
CEMIT,"MANT PREVENTIVO AA-7000, GC-2014 Y HPLC 19",VARIOS,2026-03-23,Jaime,,,PENDIENTE,"MANT PREVENTIVO AA-7000, GC-2014 Y HPLC 19"
PROSALUD,"CALIF HPLC130, 131, 086, DEA-HPLC.001, 003, DEA-HPLC.005, 006 Y 010 Y TRAER EL RAMAN",HPLC,2026-03-23,Zulma,,,REALIZADO,"CALIF HPLC130, 131, 086, DEA-HPLC.001, 003, DEA-HPLC.005, 006 Y 010 Y TRAER EL RAMAN"
CEMIT,"MANT PREVENTIVO AA-7000, GC-2014 Y HPLC 19",VARIOS,2026-03-24,Fernando,,,REALIZADO,"MANT PREVENTIVO AA-7000, GC-2014 Y HPLC 19"
CEMIT,"MANT PREVENTIVO AA-7000, GC-2014 Y HPLC 19",VARIOS,24/03/0226,Jaime/José/FERNANDO,,,REALIZADO,"MANT PREVENTIVO AA-7000, GC-2014 Y HPLC 19"
CEMIT,"CALIF 1 EQUIPO AA-7000, GC",VARIOS,2026-03-24,Jaime,,,REALIZADO,"CALIF 1 EQUIPO AA-7000, GC"
PROSALUD,"CALIF PREVENTIVO HPLC130, 131, 086, DEA-HPLC.001, 003, DEA-HPLC.005, 006 Y 010",HPLC,2026-03-24,Zulma,,,REALIZADO,"CALIF PREVENTIVO HPLC130, 131, 086, DEA-HPLC.001, 003, DEA-HPLC.005, 006 Y 010"
GRAMON,"HPLC 1, MANTENIMIENTO CORRECTIVO ALICIA PARRA",HPLC,2026-03-24,Junior,,,REALIZADO,"HPLC 1, MANTENIMIENTO CORRECTIVO ALICIA PARRA"
INPASA,"INSTALACION, CALIF Y CAPAC GC-2050 (A CONFIRMAR)",GC,2026-03-24,José/Josías,,,REALIZADO,"INSTALACION, CALIF Y CAPAC GC-2050 (A CONFIRMAR)"
CEMIT,,,2026-03-25,Fernando,,,REALIZADO,
CEMIT,"CALIF 1 EQUIPO AA-7000, GC",VARIOS,2026-03-25,Jaime,,,REALIZADO,"CALIF 1 EQUIPO AA-7000, GC"
ETICOS,MANT PREVENTIVO Y CALIF 2 EQUIPOS GC,GC,2026-03-25,,,,REALIZADO,MANT PREVENTIVO Y CALIF 2 EQUIPOS GC
PROSALUD,"CALIF PREVENTIVO HPLC130, 131, 086, DEA-HPLC.001, 003, DEA-HPLC.005, 006 Y 010",HPLC,2026-03-25,Zulma,,,REALIZADO,"CALIF PREVENTIVO HPLC130, 131, 086, DEA-HPLC.001, 003, DEA-HPLC.005, 006 Y 010"
SCAVONE,HPLC 31 LLEVAR Y CAMBIAR REPUESTOS HOUSING TOP RELEVAMIENTO PARA MP,HPLC,2026-03-25,Junior,,,REALIZADO,HPLC 31 LLEVAR Y CAMBIAR REPUESTOS HOUSING TOP RELEVAMIENTO PARA MP
SCAVONE,UV MICRO MANT PREV CELSO CONSOLE LLEVAR FACTURA,HPLC,2026-03-25,Carlos,,,REALIZADO,UV MICRO MANT PREV CELSO CONSOLE LLEVAR FACTURA
INTN,REALIZAR RELEVAMIENTO PARA MP AL AA-7800,AA-7800,2026-03-26,Jaime,,,REALIZADO,REALIZAR RELEVAMIENTO PARA MP AL AA-7800
ETICOS,MANT 2 HPLC  DE CAROLINA BENITEZ,HPLC,2026-03-26,Fernando,,,REALIZADO,MANT 2 HPLC  DE CAROLINA BENITEZ
ETICOS,MANT PREVENTIVO Y CALIF 2 EQUIPOS GC,GC,2026-03-26,,,,REALIZADO,MANT PREVENTIVO Y CALIF 2 EQUIPOS GC
PROSALUD,"CALIF PREVENTIVO HPLC130, 131, 086, DEA-HPLC.001, 003, DEA-HPLC.005, 006 Y 010",HPLC,2026-03-26,Zulma,,,REALIZADO,"CALIF PREVENTIVO HPLC130, 131, 086, DEA-HPLC.001, 003, DEA-HPLC.005, 006 Y 010"
PROSALUD,"MANT CORRECTIVO CCF-HPLC,138",HPLC,2026-03-26,Carlos,,,REALIZADO,"MANT CORRECTIVO CCF-HPLC,138"
ALMOS,ENTREGA DE FTIR,FTIR,2026-03-26,Junior,,,REALIZADO,ENTREGA DE FTIR
ETICOS,INSTALACION DEL SOFTWARE UV-PROVE,SOFTWARE,2026-03-27,Fernando,,,REALIZADO,INSTALACION DEL SOFTWARE UV-PROVE
ETICOS,MANT 2 HPLC  DE CAROLINA BENITEZ,HPLC,2026-03-27,Fernando,,,REALIZADO,MANT 2 HPLC  DE CAROLINA BENITEZ
PROSALUD,"CALIF PREVENTIVO HPLC130, 131, 086, DEA-HPLC.001, 003, DEA-HPLC.005, 006 Y 010",HPLC,2026-03-27,Zulma,,,REALIZADO,"CALIF PREVENTIVO HPLC130, 131, 086, DEA-HPLC.001, 003, DEA-HPLC.005, 006 Y 010"
PROSALUD,MC HPLC,HPLC,2026-03-27,Carlos,,,REALIZADO,MC HPLC
FUSQUIM,verificación del equipo Espectrofotómetro TAG: EUV-CONT068,UV EUV-CONT068,2026-04-01,JUNIOR,,,REALIZADO,"Falla: Inconveniente con la impresora, aparente desconfiguración"
QUIMFA,MP A 3 UV Y 1 HPLC,VARIOS,2026-03-30,CARLOS/JOSE,,,REALIZADO,EN ESPERA DE OC PARA LOS CONSUMIBLES
TECNOMYL,MC A DOS CROMATÓGRAFOS DE GASES,GC,2026-03-31,FERNANDO,,,REALIZADO,GC03 son problemas con el encendido de la llama y con el GC04 problemas de repetibilidad
ETICOS,CALIF 2 HPLC  DE CAROLINA BENITEZ,HPLC,2026-03-31,Zulma,,,REALIZADO,
ETICOS,asistencia técnica para el HPLC,IYDHPL12,2026-03-30,TECNICOS,,,REALIZADO,suele cortar la corrida de los análisis.
TALLER,DUROMETRO PROBLAMAS DE LA PLACA,SOTAX,2026-03-06,Junior,,,REALIZADO,DUROMETRO PROBLAMAS DE LA PLACA
QUIMFA,HPLC 23: PROBLEMAS CON EL DETECTOR,HPLC,2026-03-06,Carlos/Adan,,,REALIZADO,HPLC 23: PROBLEMAS CON EL DETECTOR
QUIMFA,HPLC 20: VARIACION Y FLUCTUACION DE PRESION,HPLC,2026-04-07,Fernando,,,REALIZADO,HPLC 20: VARIACION Y FLUCTUACION DE PRESION
FCQ-UNA,RELEVAMIENTO HPLC LC-10AD FATIMA CABAÑAS,HPLC,2026-04-07,Carlos,,,REALIZADO,RELEVAMIENTO HPLC LC-10AD FATIMA CABAÑAS
MSP&BS,HTAL DE OVIEDO: INSTALACION DE CABINA DE FLUJO LAMINAR,CABINA,2026-04-07,Junior/Jose,,,REALIZADO,HTAL DE OVIEDO: INSTALACION DE CABINA DE FLUJO LAMINAR
ETICOS,CALIF DE DOS GC CON HS,GC,2026-04-07,Adán/Zulma,,,REALIZADO,CALIF DE DOS GC CON HS
HTAL CLINICAS,DIAGNOSTICO DE RAYOS X,RAYOS X,2026-04-08,Carlos,,,REALIZADO,DIAGNOSTICO DE RAYOS X
GALENO,PÉRDIDA DE LIQUIDO EN LA BOMBA,HPLC,2026-04-08,Fernando,,,REALIZADO,PÉRDIDA DE LIQUIDO EN LA BOMBA
DUTRIEC,HPLC PERDIDA DE LIQUIDO EN BOMBA,HPLC,2026-04-08,Fernando,,,REALIZADO,HPLC PERDIDA DE LIQUIDO EN BOMBA
ETICOS,CALIF DE DOS GC CON HS,GC,2026-04-08,Adán/Zulma,,,REALIZADO,CALIF DE DOS GC CON HS
MSP&BS,HTAL DE OVIEDO: INSTALACION DE CABINA DE FLUJO LAMINAR,CABINA,2026-04-08,Junior/José,,,REALIZADO,HTAL DE OVIEDO: INSTALACION DE CABINA DE FLUJO LAMINAR
QUIMFA,HPLC 14: PROBLEMAS CON EL DESGASIFICADOR FATIMA QUINTANA,HPLC,2026-04-09,Carlos,,,REALIZADO,HPLC 14: PROBLEMAS CON EL DESGASIFICADOR FATIMA QUINTANA
QUIMFA,HPLC 16: LLEVAR LOS REPUESTOS Y CAMBIAR,HPLC,2026-04-09,Fernando/José,,,REALIZADO,HPLC 16: LLEVAR LOS REPUESTOS Y CAMBIAR
ETICOS,CALIF DE DOS GC CON HS,GC,2026-04-09,Adán/Zulma,,,REALIZADO,CALIF DE DOS GC CON HS
WILHELM,GC-2010 SE APAGA LA LLAMA EN PLENO CICLO ALVARO PAEZ,GC,2026-04-09,Junior,,,REALIZADO,GC-2010 SE APAGA LA LLAMA EN PLENO CICLO ALVARO PAEZ
GUAYAKI,ENTREGA DE BALANZA NUEVA PAOLA ORELLA,BALANZA,2026-04-10,José,,,REALIZADO,ENTREGA DE BALANZA NUEVA PAOLA ORELLA
QUIMFA,INSTALACION DEL RID DE VIVIANA SABATE,HPLC,2026-04-10,Fernando,,,REALIZADO,INSTALACION DEL RID DE VIVIANA SABATE
QUIMFA,LLEVAR E INSTALAR REPUESTOS DEL HPLC 32,HPLC,2026-04-10,Carlos,,,REALIZADO,LLEVAR E INSTALAR REPUESTOS DEL HPLC 32
ETICOS,CALIF DE DOS GC CON HS,GC,2026-04-10,Adán/Zulma,,,REALIZADO,CALIF DE DOS GC CON HS
IRIS,CAMBIO DE LOS FILTROS GC,GC,2026-04-10,Junior,,,REALIZADO,CAMBIO DE LOS FILTROS GC
TECNOMYL,MANT PREVENTIVO  1 HPLC EN IDE,HPLC,2026-04-13,Carlos/José,,,REALIZADO,MANT PREVENTIVO  1 HPLC EN IDE
DUTRIEC,CAMBIO DE LOS SELLOS HPLC DG EQ 015 ENRIQUE CATALDO,HPLC,2026-04-13,Fernando,,,REALIZADO,CAMBIO DE LOS SELLOS HPLC DG EQ 015 ENRIQUE CATALDO
QUIMFA,CALIFICACION DEL RID,HPLC,2026-04-13,Zulma,,,REALIZADO,CALIFICACION DEL RID
ETICOS,CALIFICACION DE 2 EQUIPOS GC,GC,2026-04-13,Adán,,,REALIZADO,CALIFICACION DE 2 EQUIPOS GC
QUIMFA,PRUEBAS AL HPLC 16 VIVIANA SABATE,HPLC,2026-04-13,Junior,,,REALIZADO,PRUEBAS AL HPLC 16 VIVIANA SABATE
QUIMFA,MANTENIMIENTO PREVENTIVO UV 1800 CONTROL DE PROCESOS GLORIA BALBUENA,UV,2026-04-13,Junior,,,REALIZADO,MANTENIMIENTO PREVENTIVO UV 1800 CONTROL DE PROCESOS GLORIA BALBUENA
QUIMFA,RELEVAMIENTO EQUIPOS DE LIZ SOSA ONCOLOGICOS,VARIOS,2026-04-13,Junior,,,REALIZADO,RELEVAMIENTO EQUIPOS DE LIZ SOSA ONCOLOGICOS
SCAVONE,PROBLEMAS DEL HPLC 31 OSVALDO CACERES,HPLC,2026-04-14,Carlos,,,REALIZADO,PROBLEMAS DEL HPLC 31 OSVALDO CACERES
TECNOMYL,MANT PREVENTIVO  3 HPLC EN CCA,HPLC,2026-04-14,Fernando,,,REALIZADO,MANT PREVENTIVO  3 HPLC EN CCA
QUIMFA,CAMBIO LAMPARA DEL UV,UV,2026-04-14,Junior,,,REALIZADO,CAMBIO LAMPARA DEL UV
TECNOMYL,MANT PREVENTIVO  3 HPLC EN CCA,HPLC,2026-04-15,José,,,REALIZADO,MANT PREVENTIVO  3 HPLC EN CCA
SUMI,REUNION SOBRE INSIGHT CON SHIMADZU,SOFTWARE,2026-04-15,Fernando,,,REALIZADO,REUNION SOBRE INSIGHT CON SHIMADZU
ANALITICA,BATERIAS DEL DESFIBRILADOR,DESFIBRILADOR,2026-04-15,Junior,,,REALIZADO,BATERIAS DEL DESFIBRILADOR
ORTEGABIOLAB,CAPACITACIÓN EQUIPO FLAT PANEL,FLAT PANEL,2026-04-16,Carlos,,,REALIZADO,CAPACITACIÓN EQUIPO FLAT PANEL
QUIMFA,ASISTENCIA HPLC 2 Y 18 DE PABLO MALDONADO,HPLC,2026-04-16,Carlos,,,REALIZADO,ASISTENCIA HPLC 2 Y 18 DE PABLO MALDONADO
QUIMFA,HPLC 31: PERDIDA DE LIQUIDO CONTROL DE CALIDAD,HPLC,2026-04-16,Carlos,,,REALIZADO,HPLC 31: PERDIDA DE LIQUIDO CONTROL DE CALIDAD
MSP&BS,ENTREGA DE DOS ESTUFAS CAPIATÁ Y NUEVA ITALIA,ESTUFAS,2026-04-16,José,,,REALIZADO,ENTREGA DE DOS ESTUFAS CAPIATÁ Y NUEVA ITALIA
IRIS,GC-2010 PROBLEMAS CON LA LLAMA Y GC-2030 TIENE RUIDO,GC,2026-04-16,Junior/Fernando,,,REALIZADO,GC-2010 PROBLEMAS CON LA LLAMA Y GC-2030 TIENE RUIDO
TECNOMYL,GC 03 PROBLEMAS DE CONEXION,GC,2026-04-16,Fernando,,,REALIZADO,GC 03 PROBLEMAS DE CONEXION
ANALITICA,DIGESTOR CEM NO ENCIENDE MONITOR,CEM,2026-04-16,Fernando,,,REALIZADO,DIGESTOR CEM NO ENCIENDE MONITOR
ANALITICA,GCMS:  PROBLEMA DE CONEXION,GCMS,2026-04-16,Fernando o Adán,,,REALIZADO,GCMS:  PROBLEMA DE CONEXION
ANALITICA,GC: NO LEVANTA PRESION,GC,2026-04-16,Adán,,,REALIZADO,GC: NO LEVANTA PRESION
SCAVONE,HPLC 37: CAMBIAR SAMPLE LOOP/ PROBLEMAS CON EL GC,GC/HPLC,2026-04-17,Junior,,,REALIZADO,HPLC 37: CAMBIAR SAMPLE LOOP/ PROBLEMAS CON EL GC
TALLER,IMPRESORA DE BALANZA DE INDUFAR,IMPRESORA,2026-04-20,José,,,REALIZADO,IMPRESORA DE BALANZA DE INDUFAR
TECNOMYL,GC 03: PROBLEMAS DE CONEXION,GC,2026-04-20,Fernando,,,REALIZADO,GC 03: PROBLEMAS DE CONEXION
HTAL CLINICAS,VERIFICACION DE LOS REPUESTOS CON SOPORTE BRASIL SHIMADZU (A CONFIRMAR),RAYOS X,2026-04-20,Carlos,,,REALIZADO,VERIFICACION DE LOS REPUESTOS CON SOPORTE BRASIL SHIMADZU (A CONFIRMAR)
QUIMFA,MANT PREVENTIVO IR ONCOLOGIA,IR,2026-04-20,Carlos,,,REALIZADO,MANT PREVENTIVO IR ONCOLOGIA
IRIS,GC-2010 PROBLEMAS DE LA LLAMA Y TIENE RUIDO,GC,2026-04-20,Junior,,,REALIZADO,GC-2010 PROBLEMAS DE LA LLAMA Y TIENE RUIDO
PROSALUD,LLEVAR TUBERIA PARA  HPLC Y CONSUMIBLES,HPLC,2026-04-21,Fernando,,,REALIZADO,LLEVAR TUBERIA PARA  HPLC Y CONSUMIBLES
ANALITICA,PROBLEMAS DEL MONITOR NO ENCIENDE,DIGESTOR,2026-04-21,Carlos,,,REALIZADO,PROBLEMAS DEL MONITOR NO ENCIENDE
ANALITICA,PROBLEMAS DEL MONITOR NO ENCIENDE,DIGESTOR,2026-04-21,Junior,,,REALIZADO,PROBLEMAS DEL MONITOR NO ENCIENDE
VILLA MORRA,TOMA DE TRANSFORMADOR,TOMA PCB,2026-04-22,José,,,REALIZADO,TOMA DE TRANSFORMADOR
GALMEDIC,MANT PREVENTIVO Y CORRECTIVO,HPLC,2026-04-22,Fernando,,,REALIZADO,MANT PREVENTIVO Y CORRECTIVO
DUTRIEC,CCEQ007 PERDIDA EN LA BOMBA ING JESSICA JARA,HPLC,2026-04-22,Carlos,,,REALIZADO,CCEQ007 PERDIDA EN LA BOMBA ING JESSICA JARA
GUAYAKI,BALANZA NO IMPRIME,IMPRESORA,2026-04-22,Junior,,,REALIZADO,BALANZA NO IMPRIME
GUAYAKI,LLEVAR IMPRESORA BALANZA GUAYAKI,HPLC,2026-04-23,José,,,REALIZADO,LLEVAR IMPRESORA BALANZA GUAYAKI
QUIMFA,HPLC 30: PROBLEMAS DE CONEXION,HPLC,2026-04-23,Fernando,,,REALIZADO,HPLC 30: PROBLEMAS DE CONEXION
QUIMFA,HPLC 16: CALIF VIVIANA SABATE,HPLC,2026-04-23,Zulma,,,REALIZADO,HPLC 16: CALIF VIVIANA SABATE
HTAL POLICE,LLEVAR REPUESTO PARA LA LAMP DE HENDIDURA,RODENSTOCK,2026-04-23,Carlos,,,REALIZADO,LLEVAR REPUESTO PARA LA LAMP DE HENDIDURA
SCAVONE,HPLC 28: PROBLEMAS EN LA DETECCION,HPLC,2026-04-23,Junior,,,REALIZADO,HPLC 28: PROBLEMAS EN LA DETECCION
QUIMFA,HPLC 16: CALIF VIVIANA SABATE,HPLC,2026-04-24,Zulma,,,REALIZADO,HPLC 16: CALIF VIVIANA SABATE
IRIS,INSTALACIÓN DEL COMPRESOR,COMPRESOR,2026-04-24,Carlos,,,REALIZADO,INSTALACIÓN DEL COMPRESOR
IRIS,INSTALACIÓN DEL COMPRESOR,COMPRESOR,2026-04-24,José,,,REALIZADO,INSTALACIÓN DEL COMPRESOR
EST GUARANI,2 TOMA DE MUESTRA (A CONFIRMAR),TOMA PCB,2026-04-24,Adán,,,REALIZADO,2 TOMA DE MUESTRA (A CONFIRMAR)
SENAVE,RELEVAMIENTO DE EQUIPOS AA-7000/HPLC/LCMS/GCMS,VARIOS,2026-04-24,Jaime/Fernando,,,REALIZADO,RELEVAMIENTO DE EQUIPOS AA-7000/HPLC/LCMS/GCMS
SENACSA,PROBLEMAS CON EL AA-7800,AA,2026-04-24,Jaime/Fernando,,,REALIZADO,PROBLEMAS CON EL AA-7800
CHDS,MANT PREVENTIVO 3 HPLC Y UN GC,VARIOS,2026-04-27,Fernando/Junior,,,REALIZADO,MANT PREVENTIVO 3 HPLC Y UN GC
SIKA,IR: MANTENIMIENTO Y CALIF,IR,2026-04-27,Jaime/Zulma,,,REALIZADO,IR: MANTENIMIENTO Y CALIF
TECNOMYL,MANTENIMIENTO HPLC 10,HPLC,2026-04-27,José,,,REALIZADO,MANTENIMIENTO HPLC 10
CEMIT,CALIF 1 HPLC,HPLC,2026-04-28,Zulma,,,REALIZADO,CALIF 1 HPLC
CHDS,MANT PREVENTIVO 3 HPLC Y UN GC,VARIOS,2026-04-28,Junior,,,REALIZADO,MANT PREVENTIVO 3 HPLC Y UN GC
CEMIT,CALIF GC,GC,2026-04-28,Adán,,,REALIZADO,CALIF GC
CEMIT,CALIF AA,AA,2026-04-28,Jaime,,,REALIZADO,CALIF AA
QUIMFA,HPLC 30 CON PROBLEMAS DE CONEXION VIVIANA,HPLC,2026-04-28,José,,,REALIZADO,HPLC 30 CON PROBLEMAS DE CONEXION VIVIANA
CHDS,MANT PREVENTIVO 3 HPLC Y UN GC,VARIOS,2026-04-28,Fernando,,,REALIZADO,MANT PREVENTIVO 3 HPLC Y UN GC
CEMIT,CALIF 1 HPLC,HPLC,2026-04-29,Zulma,,,REALIZADO,CALIF 1 HPLC
CHDS,MANT PREVENTIVO 3 HPLC Y UN GC,VARIOS,2026-04-29,Junior,,,REALIZADO,MANT PREVENTIVO 3 HPLC Y UN GC
CEMIT,CALIF GC,GC,2026-04-29,Adán,,,REALIZADO,CALIF GC
CEMIT,CALIF AA,AA,2026-04-29,Jaime,,,REALIZADO,CALIF AA
FUSQUIM,MANT PREVENTIVO EQ 473 Y 136,HPLC,2026-04-29,José,,,REALIZADO,MANT PREVENTIVO EQ 473 Y 136
CHDS,MANT PREVENTIVO 3 HPLC Y UN GC,VARIOS,2026-04-29,Fernando,,,REALIZADO,MANT PREVENTIVO 3 HPLC Y UN GC
CEMIT,CALIF HPLC,HPLC,2026-04-30,Zulma/Josias,,,REALIZADO,CALIF HPLC
CHDS,MANT PREVENTIVO 3 HPLC Y UN GC,VARIOS,2026-04-30,Junior,,,REALIZADO,MANT PREVENTIVO 3 HPLC Y UN GC
ANALITICA,LCMS 8060 PROBLEMAS CON EL TUNNING,LCMS,2026-04-30,Adán,,,REALIZADO,LCMS 8060 PROBLEMAS CON EL TUNNING
QUIMFA,HPLC 28: PROBLEMAS CON EL VENTILADOR,HPLC,2026-04-30,Jaime,,,REALIZADO,HPLC 28: PROBLEMAS CON EL VENTILADOR
QUIMFA,"MP EN ONCOLOGIA 2 HPLC, 1 UV LIZ SOSA",VARIOS,2026-04-30,Jaime,,,REALIZADO,"MP EN ONCOLOGIA 2 HPLC, 1 UV LIZ SOSA"
QUIMFA,"MP EN ONCOLOGIA 2 HPLC, 1 UV LIZ SOSA",VARIOS,2026-04-30,José,,,REALIZADO,"MP EN ONCOLOGIA 2 HPLC, 1 UV LIZ SOSA"
CHDS,MANT PREVENTIVO 3 HPLC Y UN GC,VARIOS,2026-04-30,Fernando,,,REALIZADO,MANT PREVENTIVO 3 HPLC Y UN GC
FERIADO,,,2026-05-01,,,,REALIZADO,
ANALITICA,CALIF EQUIPOS,HPLC,2026-05-04,Zulma,,,REALIZADO,CALIF EQUIPOS
SHIMADZU,CAPACITACION IR EN SAO PAULO,IR,2026-05-04,Josias/Fernando,,,REALIZADO,CAPACITACION IR EN SAO PAULO
TECNOMYL,INSTALACION DE EQUIPOS 2 HPLC Y 2 GC-2050,VARIOS,2026-05-05,José,,,REALIZADO,"QUEDA PENDIENTE CONECTAR TUBERIAS, INSTALAR SOFTWARE Y CALIFICAR"
TECNOMYL,INSTALACION DE EQUIPOS 2 HPLC Y 2 GC-2050,VARIOS,2026-05-05,Adán,,,REALIZADO,INSTALACION DE EQUIPOS 2 HPLC Y 2 GC-2050
TECNOMYL,INSTALACION DE EQUIPOS 2 HPLC Y 2 GC-2050,VARIOS,2026-05-05,Jaime,,,REALIZADO,INSTALACION DE EQUIPOS 2 HPLC Y 2 GC-2050
SHIMADZU,CAPACITACION IR EN SAO PAULO,IR,2026-05-05,Josias/Fernando,,,REALIZADO,CAPACITACION IR EN SAO PAULO
TECNOMYL,CALIF EQUIPOS 2 GC,GC,2026-05-06,Adán/Jaime,,,REALIZADO,CALIF EQUIPOS 2 GC
TECNOMYL,INSTALACION DE EQUIPOS 2 HPLC Y 2 GC-2050,VARIOS,2026-05-06,Jaime,,,REALIZADO,INSTALACION DE EQUIPOS 2 HPLC Y 2 GC-2050
SHIMADZU,CAPACITACION IR EN SAO PAULO,IR,2026-05-06,Josias/Fernando,,,REALIZADO,CAPACITACION IR EN SAO PAULO
TECNOMYL,"MP 9 HPLC, 2 BOMBAS LC Y 1 GC CYNTHIA AGUILAR",VARIOS,2026-05-07,José,,,REALIZADO,"MP 9 HPLC, 2 BOMBAS LC Y 1 GC CYNTHIA AGUILAR"
BAX PHARMA,CAMBIO DEL HPLV SENSOR,HPLC,2026-05-07,Jaime,,,REALIZADO,CAMBIO DEL HPLV SENSOR
TECNOMYL,CALIF EQUIPOS 2 HPLC,HPLC,2026-05-07,Zulma,,,REALIZADO,CALIF EQUIPOS 2 HPLC
TECNOMYL,CALIF EQUIPOS 2 GC,GC,2026-05-07,Adán,,,REALIZADO,CALIF EQUIPOS 2 GC
SHIMADZU,CAPACITACION IR EN SAO PAULO,IR,2026-05-07,Josias/Fernando,,,REALIZADO,CAPACITACION IR EN SAO PAULO
QUIMFA,HPLC 32 PROBLEMAS DE REPETIBILIDAD,HPLC,2026-05-07,Jaime,,,REALIZADO,HPLC 32 PROBLEMAS DE REPETIBILIDAD
SHIMADZU,CAPACITACION IR EN SAO PAULO,IR,2026-05-08,Josias/Fernando,,,REALIZADO,CAPACITACION IR EN SAO PAULO
TECNOMYL,CALIF EQUIPOS 2 HPLC,HPLC,2026-05-08,Zulma,,,REALIZADO,CALIF EQUIPOS 2 HPLC
TECNOMYL,"MP 9 HPLC, 2 BOMBAS LC Y 1 GC CYNTHIA AGUILAR",VARIOS,2026-05-08,Jaime,,,REALIZADO,"MP 9 HPLC, 2 BOMBAS LC Y 1 GC CYNTHIA AGUILAR"
SUMI,CAPACITACION POSTVENTA - VENTAS,VARIOS,2026-05-09,TODOS,,,REALIZADO,CAPACITACION CON EL AREA COMERCIAL DE SUMI
ETICOS,MP 2 EQUIPOS  HPLC  IYDHPL11 Y  IYDHPL12,HPLC,2026-05-11,Fernando,,,REALIZADO,MP 2 EQUIPOS  HPLC  IYDHPL11 Y  IYDHPL12
BAX PHARMA,REVISION HPLC QUE SE LE CAMBIO LA PLACA,HPLC,2026-05-11,Fernando,,,REALIZADO,REVISION HPLC QUE SE LE CAMBIO LA PLACA
LAS PALMERAS,TOMA DE MUESTRA,TOMA PCB,2026-05-11,José,,,REALIZADO,TOMA DE MUESTRA
TECNOMYL,"MP 9 HPLC, 2 BOMBAS LC Y 1 GC CYNTHIA AGUILAR",VARIOS,2026-05-11,Carlos,,,REALIZADO,"MP 9 HPLC, 2 BOMBAS LC Y 1 GC CYNTHIA AGUILAR"
ETICOS,MP 2 EQUIPOS HPLC  IYDHPL11 Y  IYDHPL12,HPLC,2026-05-12,Fernando,,,REALIZADO,
HTAL ITAUGUÁ,REVISAR EQUIPO RAYOS X MOBILE SE APAGÓ,RAYOS X,2026-05-12,Carlos,,,REALIZADO,
TECNOMYL,"MP 9 HPLC, 2 BOMBAS LC Y 1 GC CYNTHIA AGUILAR",VARIOS,2026-05-12,José,,,REALIZADO,4TO
FUSQUIM,MP 473,HPLC,2026-05-13,Fernando,,,REALIZADO,
FUSQUIM,UV-1700 RETIRO PARA VERIFICACION DE PLACA *,UV-1700,2026-05-13,Fernando,,,REALIZADO,
TECNOMYL,"MP 9 HPLC, 2 BOMBAS LC Y 1 GC CYNTHIA AGUILAR",VARIOS,2026-05-13,José,,,REALIZADO,5TO
QUIMFA,RUIDO EN EL MOTOR,TOC,2026-05-13,Josías,,,REALIZADO,
INPET,RETIRO DE COMPRESOR,COMPRESOR,2026-05-13,Adan,,,REALIZADO,
DUTRIEC,DG EQ 021 ERROR DE LA AGUJA AL INYECTAR,HPLC,2026-05-18,Fernando,,,REALIZADO,
HTAL HOHENAU,PROBLEMAS EQUIPO FLEXAVISION,RAYOS X,2026-05-18,Carlos,,,REALIZADO,
TECNOMYL,"MP 9 HPLC, 2 BOMBAS LC Y 1 GC CYNTHIA AGUILAR",VARIOS,2026-05-18,José,,,REALIZADO,6.0
COMFAR,MP UN UV-1900,UV,2026-05-18,Fernando,,,REALIZADO,
COMFAR,CALIF UV-1900 Y SOFTWARE,UV,2026-05-19,Zulma,,,REALIZADO,
HTAL HOHENAU,PROBLEMAS EQUIPO FLEXAVISION,RAYOS X,2026-05-19,Carlos,,,REALIZADO,
TECNOMYL,"MP 9 HPLC, 2 BOMBAS LC Y 1 GC CYNTHIA AGUILAR",VARIOS,2026-05-19,José,,,REALIZADO,8.0
ANALITICA,MP 2 GC,VARIOS,2026-05-19,Josías,,,REALIZADO,
GALENO,PROBLEMAS DE REPETIBILIDAD LIC NANCY JARA,HPLC,2026-05-19,Fernando,,,REALIZADO,
GALENO,LLEVAR IR con Reporte técnico,IR,2026-05-19,Fernando,,,REALIZADO,
GALENO,RELEVAMIENTO KARL FISSHER,,2026-05-19,Fernando,,,REALIZADO,
QUIMFA,HPLC 33: FUGA DE LIQUIDO,HPLC,2026-05-20,Fernando,,,REALIZADO,
TECNOMYL,"MP 9 HPLC, 2 BOMBAS LC Y 1 GC CYNTHIA AGUILAR",VARIOS,2026-05-20,José,,,REALIZADO,9.0
ANALITICA,CALIF GC 02,GC,2026-05-20,Zulma,,,REALIZADO,
ANALITICA,INSTALAR EQUIPOS 2 AA Y DIGESTOR,VARIOS,2026-05-21,Josías/Carlos,,,REALIZADO,
DUTRIEC,LLEVAR REPUESTO DE VACCUM PUMP Y CAMBIAR,HPLC,2026-05-21,Carlos,,,REALIZADO,
DUTRIEC,RELEVAMIENTO EQUIPOS CC-EQ-006 Y CC-EQ-054 PARA MP SILVANA MENDEZ,HPLC,2026-05-21,Carlos,,,REALIZADO,
DUTRIEC,RELEVAMIENTO EQUIPOS DE ERNA GONZALEZ,HPLC,2026-05-21,Carlos,,,REALIZADO,
SCAVONE,HPLC PANDA039:,HPLC,2026-05-21,Fernando,,,REALIZADO,
FARMACO,HPLC 3 NO TIENE REPETIBILIDAD,HPLC,2026-05-21,Fernando,,,REALIZADO,
TECNOMYL,"MP 9 HPLC, 2 BOMBAS LC Y 1 GC CYNTHIA AGUILAR",VARIOS,2026-05-21,José,,,REALIZADO,
TECNOMYL,INSTALACIÓN EQUIPO GC,GC,2026-05-21,Adán,,,REALIZADO,
ANALITICA,CALIF GC-02,GC,2026-05-21,Zulma,,,REALIZADO,
TECNOMYL,"MP 9 HPLC, 2 BOMBAS LC Y 1 GC CYNTHIA AGUILAR",VARIOS,2026-05-22,José,,,REALIZADO,
TORNERIA,LLEVAR EL REGULADOR DE ACETILENO DE TIMAC,REGULADOR,2026-05-22,Jaime,,,REALIZADO,
QUIMFA,TOC NO SE MUEVE EL BRAZO INYECTOR Y TIENE RUIDO,VARIOS,2026-05-22,Jaime,,,REALIZADO,
QUIMFA,HPLC 1: REVISION DEL SENSOR DEL GAS,HPLC,2026-05-22,Jaime,,,REALIZADO,
FARMACO,HPLC 3 PROBLEMAS DE REPETIBILIDAD,HPLC,2026-05-22,Jaime,,,REALIZADO,
TECNOMYL,INSTALACION GC Y CALIFICACION,GC,2026-05-22,Adán,,,REALIZADO,
ANALITICA,INSTALAR EQUIPOS 2 AA Y DIGESTOR,VARIOS,2026-05-22,Josías,,,REALIZADO,
TECNOMYL,MP DE 1 GC CYNTHIA AGUILAR,VARIOS,2026-05-22,Fernando,,,REALIZADO,
CAPACITACION COMERCIAL-POSTVENTA,,,2026-05-23,,,,REALIZADO,
PROSALUD,MP DE HPLC DEA-HPLC.008 ANABELLA RIENZI,HPLC,2026-05-25,José,,,REALIZADO,
INPASA,SAN PEDRO: MANT PREVENTIVO 1 HPLC Y UN GC,HPLC/ GC,2026-05-25,Adan/Jaime,,,REALIZADO,
GALENO,MP 2 DISOLUTORES CON RPTO INCLUIDO HENRY FRETEZ,DISOLUTOR,2026-05-25,Junior,,,REALIZADO,
INTN,"RELEVAMIENTO EQUIPOS AA-6200, AA-7800",AA,2026-05-25,Fernando/Claudio,,,REALIZADO,
FARMACO,ERROR DE MEMORY,BALANZA,2026-05-25,Fernando/Claudio,,,REALIZADO,
TALLER,REVISION UV-1700 DE FUSQUIM,UV,2026-05-25,Fernando/Claudio,,,REALIZADO,
PROSALUD,CALIFICACION DE 1 HPLC DE ANABELLA RIENZI,HPLC,2026-05-26,Zulma,,,REALIZADO,
INPASA,SAN PEDRO: MANT PREVENTIVO 1 HPLC Y UN GC,HPLC/ GC,2026-05-26,Adan/Jaime,,,REALIZADO,
PROSALUD,"MP EQUIPOS HPLC 089,090,137 Y 138 NESTOR OVELAR",HPLC,2026-05-26,José,,,REALIZADO,
PROSALUD,"MP EQUIPOS HPLC 089,090,137 Y 138 NESTOR OVELAR",HPLC,2026-05-26,Fernando/Claudio,,,REALIZADO,
DUTRIEC,CAMBIO DE REPUESTO DEL HPLC DG EQ 021,HPLC,2026-05-26,Junior,,,REALIZADO,
ANALITICA,INSTALAR EL AA Y HACER MP,AA,2026-05-26,Josías,,,REALIZADO,
PROSALUD,CALIFICACION DE 5 EQUIPOS,HPLC,2026-05-27,Zulma,,,REALIZADO,
ANALITICA,INSTALACION DE 2 UPS (LCMS Y AA),UPS,2026-05-27,Junior/Claudio,,,REALIZADO,
GUAYAKI,REVISION DE LA BALANZA NUEVA/ LLEVAR TRANSFORMADOR CON FACTURA,BALANZA,2026-05-27,Junior,,,REALIZADO,
FACEN,REVISION EQ SONICADOR PROF MICHELLE GERALDINE (LLEVAR FACTURA),BOYN,2026-05-27,Carlos,,,REALIZADO,
INPASA,SAN PEDRO: MANT PREVENTIVO 1 HPLC Y UN GC,HPLC/ GC,2026-05-27,Adan/Jaime,,,REALIZADO,
PROSALUD,"MP EQUIPOS HPLC 089,090,137 Y 138 NESTOR OVELAR",HPLC,2026-05-27,José,,,REALIZADO,
PROSALUD,"MP EQUIPOS HPLC 089,090,137 Y 138 NESTOR OVELAR",HPLC,2026-05-27,Fernando,,,REALIZADO,
PROSALUD,CALIFICACION DE 5 EQUIPOS,HPLC,2026-05-28,Zulma,,,REALIZADO,
INPASA,SAN PEDRO: MANT PREVENTIVO 1 HPLC Y UN GC,HPLC/ GC,2026-05-28,Adan/Jaime,,,REALIZADO,
ANALITICA,INSTALACION UPS EN METALES,UPS,2026-05-28,Junior,,,REALIZADO,
QUIMFA,HPLC 14: PROBLEMAS DE LA AGUJA FATIMA QUINTANA,HPLC,2026-05-28,Junior,,,REALIZADO,
PROSALUD,"MP EQUIPOS HPLC 089,090,137 Y 138 NESTOR OVELAR",HPLC,2026-05-28,José,,,REALIZADO,
ANALITICA,BALANZA METALES NO ENCIENDE,BALANZA,2026-05-28,Fernando,,,REALIZADO,
ANALITICA,MP GC 03,GC,2026-05-28,Fernando,,,REALIZADO,
INPASA,SAN PEDRO: MANT PREVENTIVO 1 HPLC Y UN GC,HPLC/ GC,2026-05-29,Adan/Jaime,,,REALIZADO,
PROSALUD,CALIFICACION DE 5 EQUIPOS,HPLC,2026-05-29,Zulma,,,REALIZADO,
PHARMA IND,RELEVAMIENTO Y DIAGNOSTICO 1 EQ HPLC EMILIO ESTIGARRIBIA,HPLC,2026-05-29,Fernando,,,REALIZADO,
ETICOS,GC IYDCRO03 NO LEVANTA PRESIÓN,GC,2026-05-29,Carlos,,,REALIZADO,
PROSALUD,"MP EQUIPOS HPLC 089,090,137 Y 138 NESTOR OVELAR",HPLC,2026-05-29,José,,,REALIZADO,
ANALITICA,UHPL3 PROBLEMAS DEL INYECTOR,HPLC,2026-05-29,Junior,,,REALIZADO,
GUAYAKI,MANT PREVENTIVO Y CALIF DEL TOC,TOC,2026-06-01,Jaime,,"S07831, S07979 Y S07832",REALIZADO,
PROSALUD,CALIFICACION DE 5 EQUIPOS,HPLC,2026-06-01,Zulma,,,REALIZADO,
SCAVONE,INSTALACION SOFTWARE UV PROBE CELSO CONSOLE,SOFTWARE,2026-06-01,,,,REALIZADO,
GRAMON,REVISION EQUIPO DUROMETRO NO SE CONECTA CON LA IMPRESORA,DUROMETRO,2026-06-01,Junior,,,REALIZADO,
GRAMON,DISOLUTOR LLEVAR RTO RUBEN CORONEL (LLEVAR FACTURA),DISOLUTOR,2026-06-01,Junior,,"S05375, S08709",REALIZADO,
ANALITICA,"HPLC02, UFLC01 Y UFLC02",HPLC,2026-06-01,Carlos/Claudio,,,REALIZADO,QUEDA PENDIENTE UFLC01 Y UFLC02 (FALTA REPUESTOS)
BAX PHARMA,MP DE UN HPLC I SERIES LCC 5 O LCC 6,HPLC,2026-06-01,José,,S06587,REALIZADO,
GUAYAKI,MANT PREVENTIVO Y CALIF DEL TOC,TOC,2026-06-02,Jaime/ Carlos Noguera,,,REALIZADO,
TECNOMYL,CALIFICACION DE 2 EQUIPOS GC,GC,2026-06-02,Adán,,,REALIZADO,
GALMEDIC,ERROR EN EL IR (PENDIENTE APROBACION PRESUPUESTO),IR,2026-06-02,Fernando,,S08903,REALIZADO,
SUMI,TALLER: REVISAR UV 1700 FUSQUIM E IMPRESORA DE FARMACO,VARIOS,2026-06-02,Fernando,,,REALIZADO,
GRAMON,MP 3 HPLC,HPLC,2026-06-02,Junior/ Claudio,,S07892 y S07896,REALIZADO,
SUMI,PREPARACION COMPUTADORAS DE INDUFAR Y COOP VOLENDAM,VARIOS,2026-06-02,Carlos,,,REALIZADO,
QUIMFA,"MP HPLC 19, 24, 22 Y 23 (DEBE TENER FECHA DE MAYO)",HPLC,2026-06-02,José,,S08246,REALIZADO,
ETICOS,GC IYDCRO03: PROBLEMAS DE FLUJO,GC,2026-06-03,Josías,,,REALIZADO,
BAX PHARMA,CALIF DE UN HPLC I SERIES LCC 5 O LCC 6,HPLC,2026-06-03,Zulma,,,REALIZADO,
GRAMON,MP 3 HPLC,HPLC,2026-06-03,Junior,,,REALIZADO,
AKTRA,MANT PREVENTIVO E-LAB57 JESSICA SAMANIEGO,HPLC,2026-06-03,Carlos,,"S08915, S08919",REALIZADO,
QUIMFA,"MP HPLC 19, 24, 22 Y 23 (DEBE TENER FECHA DE MAYO)",HPLC,2026-06-03,José,,,REALIZADO,
LAFASA,CALIF 1  UV,UV,2026-06-04,Zulma,,S08891 Y S08950,REALIZADO,
SCAVONE,HPLC 31: NO DETECTA LOS PICOS,HPLC,2026-06-04,Fernando/ Claudio,,,REALIZADO,
AKTRA,CONTINUACION DE MP AKTRA,HPLC,2026-06-04,Jaime/ C. Noguera,,S08915,REALIZADO,
COOP VOLENDAM,INSTALACION DE FLAT PANEL EN COLONIA (A CONFIRMAR FECHA),FLAT PANNEL,2026-06-04,Carlos,,,REALIZADO,
QUIMFA,"MP HPLC 19, 24, 22 Y 23 (DEBE TENER FECHA DE MAYO)",HPLC,2026-06-04,José,,,REALIZADO,
PROSALUD,HPLC.089 BURBUJAS EN LA CELDA DE FLUJO,HPLC,2026-06-05,Jaime/C. Noguera,,,REALIZADO,
AKTRA,CALIFICACION EQUIPO E-LAB57,HPLC,2026-06-05,Zulma,,,REALIZADO,
TALLER,REVISAR AA DE ANALITICA  Y EQUIPOS DEL TALLER,HPLC,2026-06-05,Junior,,,REALIZADO,
COOP VOLENDAM,INSTALACION DE FLAT PANEL EN COLONIA (A CONFIRMAR FECHA),FLAT PANNEL,2026-06-05,Carlos,,,REALIZADO,
QUIMFA,"MP HPLC 19, 24, 22 Y 23 (DEBE TENER FECHA DE MAYO)",HPLC,2026-06-05,José,,,REALIZADO,
IRIS,GC 2010 Y 2030 RUIDO EN LA LINEA DE BASE,GC,2026-06-08,Jaime,,,REALIZADO,
QUIMFA,INCONVENIENTES,RAYOS X,2026-06-08,Carlos,,,REALIZADO,
ANALITICA,MP DISOLUTOR BOYN,DISOLUTOR,2026-06-08,José,,,REALIZADO,
ANALITICA,MP ESTUFA,ESTUFA,2026-06-08,José,,,REALIZADO,
HTAL DE CLINICAS,DIAGNOSTICO DE FALLA RAYOS X,RAYOS X,2026-06-09,Carlos/ Adán,,,REALIZADO,
VILLA ELISA,TOMA DE UN 1 TRANSFORMADOR  15:00,TOMA PCB,2026-06-09,José,,,REALIZADO,
INTN,RELEVAMIENTO EXTRACTOR DE CAMPANA CON EL HERRERO,BOYN,2026-06-09,Jaime,,,REALIZADO,
ETICOS,AGUJA ESTA DOBLADA HPLC IYDHPL08,HPLC,2026-06-09,Jaime,,,REALIZADO,
QUIMFA,DIAGNOSTICO DE FALLA GC,GC,2026-06-09,Jaime,,,REALIZADO,
SCAVONE,HPLC 31: NO TIENE REPETIBILIDAD,HPLC,2026-06-09,José,,,REALIZADO,
ANALITICA,MP DIGESTOR CEM,DIGESTOR,2026-06-09,Junior,,,REALIZADO,
DIGESA,RELEVAMIENTO PARA UN EQUIPO AA-7000,AA,2026-06-10,Josías/Junior,,,REALIZADO,
INTN,RELEVAMIENTO EXTRACTOR DE CAMPANA CON EL HERRERO,BOYN,2026-06-10,Jaime/ Claudio,,,REALIZADO,
ETICOS,LLEVAR REPUESTOS PARA EQUIPOS DE JESSICA PAVON,HPLC,2026-06-10,Jaime/ Claudio,,S09035,REALIZADO,
SCAVONE,HPLC 31: DIAGNOSTICO DE FALLA,HPLC,2026-06-10,José,,,REALIZADO,
PHARMA INDUSTRIES,LLEVAR LA CELDA DESTRANCADA,,2026-06-10,Fernando,,S09143,REALIZADO,
TALLER,VER  BALANZA DE FARMACO,BALANZA,2026-06-10,Junior,,,REALIZADO,
HTAL DE ITAUGUA,INSTALAR REPUESTOS PARA EL EQUIPO RAYOS X,RAYOS X,2026-06-10,Carlos/Adán,,S09146,REALIZADO,
FUSQUIM,MP DE 1 TOC Y CALIF 11:00 AM,TOC,2026-06-11,Jaime/ Claudio,,"S08153, S08150 Y S08151",REALIZADO,
FUSQUIM,ENTREGAR UV-1700 CON SU IMPRESORA,UV,2026-06-11,Jaime/ Claudio,,,REALIZADO,
GUAYAKI,REVISION DE LA INSTALACION DE SOFTWARE,,2026-06-11,Fernando/ Carlos Noguera,,,REALIZADO,
GALENO,RELEVAMIENTOS EQUIPOS DE MUDANZA,VARIOS,2026-06-11,Junior,,,REALIZADO,
TALLER,REPARACION CARGADOR DE FLAT PANNEL,FLAT PANNEL,2026-06-11,Carlos Fernandez,,,REALIZADO,
IRUPE PY,LUQUE: 1 TOMA DE MUESTRA,TOMA PCB,2026-06-11,José,,,REALIZADO,
FERIADO PAZ DEL CHACO,,,2026-06-12,,,,REALIZADO,
AGROLATINA,MP 3 Y CALIF 2 HPLC,HPLC,15 AL 19 DE JUNIO ,Zulma/Fernando,,,REALIZADO,
CHDS,INSTALAR AOC30i NUEVO,AOC,15 AL 19 DE JUNIO,Zulma/Fernando,,,REALIZADO,
CHDS,MANT CORRECTIVO 3 EQUIPOS FLUCTUAN LA PRESION,HPLC,15 AL 19 DE JUNIO,Zulma/Fernando,,,REALIZADO,
TIMAC,MP 1 UV Y ENTREGAR REGULADOR DE ACETILENO,UV,15 AL 19 DE JUNIO,Junior,,S07867 Y S06381,REALIZADO,
FUSQUIM,CALIF TOC,TOC,2026-06-15,Jaime/Carlos,,,REALIZADO,
IRIS,CAMBIO DE REPUESTOS PARA GC-2010 Y GC-2030,GC,2026-06-15,Adan,,,REALIZADO,
QUIMFA,ERROR GC,GC,2026-06-16,Jaime/Carlos Noguera,,,REALIZADO,
IRUPE,LUQUE: TOMA DE MUESTRA 1 TRANSFORMADOR,TOMA,2026-06-16,José,,,REALIZADO,
TALLER,REVISAR PLACA DEL GC,GC,2026-09-16,Adan/Sebastian,,,REALIZADO,
ANALÍTICA,CAMPANA EXTRACTORA: OLOR A QUEMADO,CAMPANA,2026-06-16,Sebastián/José,,,REALIZADO,
DIGESA,LLEVAR PLACA DEL AA-7000,AA -7000,2026-06-17,Jaime,,,REALIZADO,
TECNOMYL,HPLC 6: NO FUNCIONA CON EL METODO DE GRADIENTE,HPLC,2026-06-17,Carlos,,,REALIZADO,
ANALITICA,MP DEL PHMETRO Y AUTOCLAVE,VARIOS,2026-06-17,José/ Sebastián,,,REALIZADO,
SCAVONE,HPLC 31: PROBLEMAS CON LA LINEA DE BASE,HPLC,2026-06-17,Jaime/Carlos,,,REALIZADO,
SCAVONE,MC HPLC 27 Y HPLC 24,HPLC,2026-06-17,Jaime/Carlos,,,REALIZADO,
ETICOS,LLEVAR PLACA GC Y REALIZAR PRUEBAS,GC,2026-06-17,Josías,,,REALIZADO,
ANALITICA,MP GCMS O LCMS,GCMS,2026-06-17,Adán,,,REALIZADO,
TECNOMYL,HPLC 6: NO FUNCIONA CON EL METODO DE GRADIENTE,GC,2026-06-18,Carlos,,,REALIZADO,
FUSQUIM,NO PURGA,HPLC,2026-06-18,José,,,REALIZADO,
IRIBAS,RELEVAMIENTO LUGAR DE LA INSTALACION,DENSITOMETRO,2026-06-18,Carlos,,,REALIZADO,
ANALITICA,MP LCMS,LCMS,2026-06-18,Adán,,,REALIZADO,
TALLER,HPLC 094 REVISAR EQUIPO DE FUSQUIM,HPLC,2026-06-19,José,,,REALIZADO,
TALLER,HPLC 6 REVISAR EQUIPO DE TECNOMYL,HPLC,2026-06-19,Carlos,,,REALIZADO,
ANALITICA,VER LCMS,LCMS,2026-06-19,Adán,,,REALIZADO,
FERIADO,,,2026-06-22,,,,REALIZADO,
GALENO,ENTREGA 2 EQUIPOS HPLC CON COMPUTADORA,HPLC,2026-06-23,Jaime/Sebastián,,,REALIZADO,
GUAYAKI,ENTREGA DE SOFTWARE Y MAPEADO DE LA RED,SOFTWARE,2026-06-23,Fernando/Carlos N.,,,REALIZADO,
FUSQUIM,LLEVAR EL UV1700 CON SU IMPRESORA,HPLC,2026-06-23,Fernando/Carlos N.,,,REALIZADO,
TECNOMYL,LLEVAR HPLC 6,HPLC,2026-06-23,Carlos,,,REALIZADO,
BAX PHARMA,MANT Y CALIF DE 3 HPLC Y 1 UV,HPLC/UV,2026-06-23,José/,,,REALIZADO,
ANALITICA,CONTINUAR CON EL LCMS,LCMS,2026-06-23,Adán,,,REALIZADO,
INPASA,MP HPLC,HPLC,2026-06-24,Jaime,,S09071  y S08018,REALIZADO,
BAX PHARMA,CALIF DE 3 HPLC Y 1 UV,HPLC/UV,2026-06-24,Zulma/ María,,S06589 Y S06590,REALIZADO,
ANALITICA,VER EL LCMS,LCMS,2026-06-24,Adán,,,REALIZADO,
ANALITICA,VER PLACA DEL GFA,AA,2026-06-24,Junior,,,REALIZADO,
QUIMFA,HPLC 27 EMITE UN FUERTE RUIDO AL ENCENDER VALIDACIONES ELMA,HPLC,2026-06-24,Fernando/C Noguera,,,REALIZADO,
QUIMFA,LLEVAR PEDIDOS PENDIENTES,HPLC,2026-06-24,Fernando/C Noguera,,,REALIZADO,
QUIMFA,HPLC 32: NO CUMPLE REPETIBILIDAD VIVIAMA,HPLC,2026-06-24,Fernando/C Noguera,,,REALIZADO,
BAX PHARMA,MANT Y CALIF DE 3 HPLC Y 1 UV,HPLC/UV,2026-06-24,José,,,REALIZADO,
INPASA,MP HPLC,HPLC,2026-06-25,Jaime,,,REALIZADO,
SENACSA,RELEVAMIENTO DEL HPLC,HPLC,2026-06-25,Fernando/Carlos N.,,,REALIZADO,
GLOBAL PHARMA,VERIFICAR EQUIPOS PARA MANT Y CALIF ANDRES CAMPUZANO,UV/IR,2026-06-25,Fernando,,,REALIZADO,
BASE BASE,MANT PREVENTIVO GC,GC,2026-06-25,Junior/Claudio,,,REALIZADO,
FUSQUIM,LLEVAR EL DETECTOR DEL HPLC 094 Y PROBAR,HPLC,2026-06-25,Fernando /Carlos N.,,,REALIZADO,
BAX PHARMA,MANT DE 3 HPLC Y 1 UV,HPLC/UV,2026-06-25,José/Sebastián,,,REALIZADO,
SCAVONE,MANT Y CALIF 2 EQUIPOS UV PANDAESP001 Y PANDAESP003,UV,2026-06-26,Jaime,,,REALIZADO,
SCAVONE,MANT Y CALIF 2 EQUIPOS UV PANDAESP001 Y PANDAESP003,UV,2026-06-26,Carlos/Sebastián,,,REALIZADO,
BAX PHARMA,MANT  DE 3 HPLC Y 1 UV,HPLC/UV,2026-06-26,José,,,REALIZADO,
QUIMFA,HPLC20 PROBLEMAS DE REPETIBILIDAD,HPLC,2026-06-29,Jaime/Sebastian,,,REALIZADO,
FUSQUIM,REVISAR EL HPLC 094 PROBLEMAS DE DETECTOR,HPLC,2026-06-29,Fernando,,,REALIZADO,
QUIMFA,RELEVAMIENTO HPLC LIZ SOSA ONCOLOGICOS,HPLC,2026-06-29,Carlos,,,REALIZADO,
TALLER,DETECTOR BAX PHARMA REVISAR,HPLC,2026-06-29,José,,,REALIZADO,
ANALITICA,LCMS 8060,LCMS,2026-06-29,Adán/Josías,,,REALIZADO,
FERIADO GANÓ PARAGUAY,,,2026-06-30,,,,REALIZADO,
SCAVONE,CALIF 1 UV 1800,UV,2026-07-01,Jaime,,,REALIZADO,
ANALITICA,MP UV DE ANALITICA,UV,2026-07-01,Fernando,,,REALIZADO,
SCAVONE,MP UV PANCC004,UV,2026-07-01,Junior/Carlos Noguera,,,REALIZADO,
DALLAS,VERIFICACION EQUIPO QUE SE VA CALIFICAR Ing. Christian Reckziegel,HPLC,2026-07-01,Carlos,,,REALIZADO,
BAX PHARMA,LLEVAR EL DETECTOR DE BAX PHARMA,HPLC,2026-07-01,José/Claudio,,,REALIZADO,
ANALÍTICA,ANALITICA	CALIFICACION GC-3,GC,2026-07-01,Adan,,,REALIZADO,
BAXPHARMA,CALIF 1 UV,UV,2026-07-02,Jaime,María,S06590,REALIZADO,
ANALITICA,CALIF GCMS,GCMS,2026-07-02,Adán,,,REALIZADO,
BAXPHARMA,CALIF 3 HPLC,HPLC,2026-07-02,Zulma,María,S06589/ S08635,REALIZADO,
DIAZ GILL,MANT PREVENTIVO DE 1 MILLI-Q CON REPUESTOS,MILLI Q,2026-07-02,Fernando,C. NOGUERA,S04488/ S01557,REALIZADO,
ANALITICA,VERIFICAR PRESUPUESTO TOC,TOC,2026-07-02,Fernando,CARLOS NOGUERA,,REALIZADO,
ANALITICA,MANTENIMIENTO PREVENTIVO AN-EQ-IR; UFLC 3,IR,2026-07-02,Junior,CLAUDIO,,REALIZADO,
SCAVONE,"DIAGNOSTICO DE FALLA UHPLC39, LLEVAR DGU HPLC24",HPLC,2026-07-02,Carlos F.,,,REALIZADO,
FARMEDIS,MANTENIMIENTO PREVENTIVO 1 HPLC Y 1 UV,HPLC,2026-07-02,José,SEBASTIAN,S08480 / S08466,REALIZADO,
FARMEDIS,CALIF 1 UV,UV,2026-07-03,Jaime,,,REALIZADO,
ANALITICA,CALIF DEL GCMS,GCMS,2026-07-03,Adán,,,REALIZADO,
BAXPHARMA,CALIF 3 HPLC,HPLC,2026-07-03,Zulma,,,REALIZADO,
TECNOMYL,MP UV-1900,UV,2026-07-03,Fernando,,,REALIZADO,
QUIMFA,MANT PREVENTIVO TOC Y AA,TOC/AA,2026-07-03,Junior,Carlos,,REALIZADO,
DUTRIEC,"G EQ 039 COMPACTO, debido a problemas con el sensor de temperatura del rack.",HPLC,2026-07-03,Carlos F.,,,REALIZADO,
HTAL DE CLINICAS,FALLA DE SOBRECALENTAMIENTO,RAYOS X,2026-07-03,Carlos F.,,,REALIZADO,
ANALITICA,VERIIFICACION DEL UHPLC3/HPLC 4 FLUTUACION DE PRESION,HPLC,2026-07-03,José,SEBASTIAN,,REALIZADO,
DUTRIEC,VERIFICAR EQUIPO DG EQ 015 PROBLEMAS CON EL SENSOR DEL RACK,VARIOS,2026-07-06,Jaime,Sebastian,,REALIZADO,
BAXPHARMA,CALIF 3 HPLC,HPLC,2026-07-06,Zulma,María,,REALIZADO,
QUIMFA,"MP HPLC 20, HPLC 30, HPLC 29, HPLC 31, HPLC32 Y BOMBAS DE LAVADO",VARIOS,2026-07-06,José,Claudio,,REALIZADO,
HTAL DE CLINICAS,PRUEBA CON DE LAS PLACAS,RAYOS X,2026-07-06,Carlos,"Carlos N., Junior",,REALIZADO,
QUIMFA,LLEVAR E INSTALAR CALIF 2 UV NUEVO LORENA ROMERO,UV,2026-07-07,Jaime,Sebastián,,REALIZADO,
QUIMFA,LLEVAR BALANZA DE PRESCICION ONCOLOGICOS,BALANZA,2026-07-07,Jaime,Sebastián,,REALIZADO,
QUIMFA,HPLC38: FLUCTUACION DE PRESION,HPLC,2026-07-07,Carlos,,,REALIZADO,
QUIMFA,HPLC 25 VALIDACIONES VERIFICAR,HPLC,2026-07-07,Carlos,,,REALIZADO,
SCAVONE,HPLC 35 PROBLEMAS DE PRESION NILSA CACERES,HPLC,2026-07-07,Carlos,,,REALIZADO,
BAXPHARMA,CALIF 3 HPLC,HPLC,2026-07-07,Zulma,María,,REALIZADO,
DUTRIEC,"MP CC-EQ-006, CC-EQ-054,",VARIOS,2026-07-07,Fernando,Carlos Noguera,,REALIZADO,
FUSQUIM,PROBLEMAS CON LA PRESION NOELIA MEDINA,HPLC,2026-07-07,Junior,Claudio,,REALIZADO,
QUIMFA,"MP HPLC 20, HPLC 30, HPLC 29, HPLC 31, HPLC32 Y BOMBAS DE LAVADO",VARIOS,2026-07-07,José,Sebastián,,REALIZADO,
QUIMFA,TERMINAR CALIF UV E INSTALACION DE BALANZA DE PRESCISION,VARIOS,2026-07-08,Jaime,,,REALIZADO,
FUSQUIM,PROBLEMAS DE PRESION HPLC 136,HPLC,2026-07-08,Jaime,,,REALIZADO,
ANALITICA,UHPLC 1 CAMBIARLE FLEX,UHPLC,2026-07-08,Carlos,,,REALIZADO,
FARMEDIS,CALIFICACION 1 HPLC MODULAR,HPLC,2026-07-08,Zulma,María,S08468,REALIZADO,
DUTRIEC,"MP CC-EQ-006, CC-EQ-054,",VARIOS,2026-07-08,Fernando,,,REALIZADO,
GALENO,"MUDANZA DE EQUIPOS HPLC, CAMPANA E IR",VARIOS,2026-07-08,Junior,"José, Sebas, Carlos N.",S09238 Y S09239,REALIZADO,
QUIMFA,"MP HPLC 20, HPLC 30, HPLC 29, HPLC 31, HPLC32 Y BOMBAS DE LAVADO",VARIOS,2026-07-08,José,,,REALIZADO,
TROCIUK,MP Y CALIF DEL AA-,AA,2026-07-09,Jaime,Claudio,"S09404, S09406, S09401",REALIZADO,
DALLAS,CALIF 1 HPLC MODULAR,HPLC,2026-07-09,Zulma,María,S07343,REALIZADO,
DUTRIEC,"MP CC-EQ-006, CC-EQ-054,",VARIOS,2026-07-09,Fernando,Sebastián,,REALIZADO,
ANALITICA,INSTALACION DE REPUESTOS PARA EL DSC,DSC,2026-07-09,Adán,,,REALIZADO,
GALENO,"MUDANZA Y MP DE LOS EQUIPOS 4 HPLC, CAMPANA EXTRACTORA Y FTIR",VARIOS,2026-07-09,Junior,Carlos N.,,REALIZADO,
CIAGROPA,MP HPLC 02,HPLC,2026-07-09,Carlos,,,REALIZADO,
QUIMFA,"MP HPLC 20, HPLC 30, HPLC 29, HPLC 31, HPLC32 Y BOMBAS DE LAVADO",HPLC,2026-07-09,José,,,REALIZADO,
TROCIUK,MP Y CALIF DEL AA-,AA-7000,2026-07-10,Jaime,Claudio,,REALIZADO,
CIAGROPA,CALIF 1 HPLC MODULAR,HPLC,2026-07-10,Zulma,María,S08151,REALIZADO,
DUTRIEC,"MP CC-EQ-006, CC-EQ-054, 055, 015, 017,021 Y 030",VARIOS,2026-07-10,Fernando,Sebastián,,REALIZADO,
ETICOS,HPLC 22 PERDIDA DE LIQUIDO,HPLC,2026-07-09,JUNIOR,,,REALIZADO,
GALENO,"MUDANZA Y MP DE LOS EQUIPOS 4 HPLC, CAMPANA EXTRACTORA Y FTIR",VARIOS,2026-07-10,Junior,Carlos Noguera,,REALIZADO,
SUMI,PROSALUD: CAPACITACION HPLC POR MEET (VIRTUAL),HPLC,2026-07-10,Josías,,,REALIZADO,
QUIMFA,"MP HPLC 20, HPLC 30, HPLC 29, HPLC 31, HPLC32 Y BOMBAS DE LAVADO",VARIOS,2026-07-10,José,,,REALIZADO,
CAPACITACION TÉCNICA,,,2026-07-11,TODOS,,,REALIZADO,
DUTRIEC,"CALIF HPLC 006 EN CONTROL,Y DESARROLLO HPLC 017 (MODULAR) Y 015(I-SERIES)",HPLC,2026-07-13,ZULMA,María,,REALIZADO,
DUTRIEC,MANT Y CALIF AA-7800,AA,2026-07-13,Jaime,,,REALIZADO,
ANALITICA,CALIFICACION DEL GCMS,GCMS,2026-07-13,Adán,,,REALIZADO,
DUTRIEC,"MP CC-EQ-006, CC-EQ-054, 055, 015, 017,021 Y 030",HPLC,2026-07-13,Fernando,,,REALIZADO,
GALENO,"MUDANZA Y MP DE LOS EQUIPOS 4 HPLC, CAMPANA EXTRACTORA Y FTIR",VARIOS,2026-07-13,Junior,Carlos Noguera,,REALIZADO,
QUIMFA,"MP HPLC 20, HPLC 30, HPLC 29, HPLC 31, HPLC32 Y BOMBAS DE LAVADO",VARIOS,2026-07-13,José,Sebastián,,REALIZADO,
DUTRIEC,"CALIF HPLC 006 EN CONTROL,Y DESARROLLO HPLC 017 (MODULAR) Y 015(I-SERIES)",HPLC,2026-07-14,ZULMA,María,,REALIZADO,"CALIF HPLC 006 EN CONTROL,Y DESARROLLO HPLC 017 (MODULAR) Y 015(I-SERIES)"
HTAL DE CLINICAS,SALE UN ERROR,RAYOS X,2026-07-14,Carlos,,,REALIZADO,PREPARAR EQUIPOS HPLC PARA ENTREGAR A FARMACO
TALLER,ARMAR HPLC DEL LCMS,HPLC,2026-07-14,Jaime,,,REALIZADO,MANT Y CALIF AA-7801
GALENO,"MUDANZA Y MP DE LOS EQUIPOS 4 HPLC, CAMPANA EXTRACTORA Y FTIR",VARIOS,2026-07-14,Junior,Claudio,,REALIZADO,"MUDANZA Y MP DE LOS EQUIPOS 4 HPLC, CAMPANA EXTRACTORA Y FTIR"
TALLER,PREPARAR EQUIPOS HPLC PARA ENTREGAR A FARMACO,VARIOS,2026-07-14,José,Sebastián,,REALIZADO,PREPARAR EQUIPOS HPLC PARA ENTREGAR A FARMACO
TALLER,EQUIPOS 2 HPLC MODULARES PARA PRÉSTAMO,HPLC,2026-07-15,José,Sebastián,,REALIZADO,
QUIMFA,HPLC 35 NO CUMPLE REPETIBILIDAD Y HPLC 38 FLUCTUACION DE PRESION,HPLC,2026-07-15,Jaime,Carlos Noguera,,REALIZADO,
QUIMFA,HPLC 15 CAMBIO DE REPUESTO Y MP FATIMA QUINTANA,HPLC,2026-07-15,Jaime,Carlos Noguera,,REALIZADO,
QUIMFA,INSTALAR UV Y CALIF,UV,2026-07-15,Zulma,,,REALIZADO,
QUIMFA,INSTALAR BALANZA DE PRESCISION,BALANZA,2026-07-15,Jaime,Carlos Noguera,,REALIZADO,
TROCIUK,DIAGNOSTICO DE FALLA,AA,2026-07-15,Adán,,,REALIZADO,
DUTRIEC,"RELEVAMIENTO HPLC 006, HPLC 7 Y HPLC 10",HPLC,2026-07-15,Fernando,,,REALIZADO,
GALENO,"MUDANZA Y MP DE LOS EQUIPOS 4 HPLC, CAMPANA EXTRACTORA Y FTIR",VARIOS,2026-07-15,Junior,Claudio,,REALIZADO,
FARMACO,CALIFICACION 2 HPLC MODULAR PARA PRESTAMO,HPLC,2026-07-16,ZULMA,María,,REALIZADO,
QUIMFA,MC HPLC 15,VARIOS,2026-07-16,Jaime,,,REALIZADO,
TROCIUK,DIAGNOSTICO DE FALLA,AA,2026-07-16,Adán,,,REALIZADO,
FARMACO,LLEVAR HPLC A PRESTAMO,HPLC,2026-07-16,Fernando,Claudio,,REALIZADO,
TALLER,TERMINAR TRABAJO DE UFLC3,UFLC,2026-07-16,Junior,Carlos,,REALIZADO,
QUIMFA,"MANTENIMIENTO PREVENTIVO EQUIPOS DE ONCO 2 HPLC, 1UV, 1 FTIR",VARIOS,2026-07-16,José,Sebastián,,REALIZADO,
FARMACO,CALIFICACION 2 HPLC MODULAR PARA PRESTAMO,HPLC,2026-07-17,ZULMA,Maria,,REALIZADO,
FARMACO,VERIFICAR HPLC A PRESTAMO,HPLC,2026-07-17,Fernando,,,REALIZADO,
SCAVONE,CALIF 1 UV DE MICRO PANDAESP001 JOSÉ ECHAGUE,UV,2026-07-17,Jaime,,,REALIZADO,
TROCIUK,PROBLEMAS CON EL AA,AA,2026-07-17,Adán,,,REALIZADO,
IRIS,VERIFICACION DEL GC QUE SE VA MUDAR,GC,2026-07-17,Junior,Carlos Noguera,S09514,REALIZADO,
QUIMFA,"MANTENIMIENTO PREVENTIVO EQUIPOS DE ONCO 2 HPLC, 1UV, 1 FTIR",VARIOS,2026-07-17,José,Sebastián,,REALIZADO,
GALMEDIC,PROBLEMAS DEL IR,IR,2026-07-20,Fernando,Sebastian,S09474,REALIZADO,
QUIMFA,"CALIFICACION 2 HPLC, 1 UV Y UN FTIR",VARIOS,2026-07-20,Jaime/Josías,María,,REALIZADO,
ANALITICA,ARMAR UFLC 3,HPLC,2026-07-20,Junior,,,REALIZADO,
TALLER,VER DETECTOR PARA FARMACO,HPLC,2026-07-20,Junior,,,REALIZADO,
QUIMFA,"MANTENIMIENTO PREVENTIVO EQUIPOS DE ONCO 2 HPLC, 1UV, 1 FTIR",VARIOS,2026-07-20,Jaime,,,REALIZADO,
TOMA DE MUESTRA,EN FERNANDO DE LA MORA,TOMA PCB,2026-07-20,José,Claudio,,REALIZADO,
TALLER,VER AA TROCIUK Y SOTAX DE INDUFAR,VARIOS,2026-07-20,Adán,,,REALIZADO,
QUIMFA,MP HPLC 14 Y 23 LORENA ROMERO,HPLC,2026-07-21,Fernando,Sebastián,,REALIZADO,
QUIMFA,LLEVAR EL DETECTOR DEL HPLC 29,HPLC,2026-07-21,Jaime,,,REALIZADO,
QUIMFA,"CALIFICACION 2 HPLC, 1 UV Y UN FTIR",VARIOS,2026-07-21,Jaime/Josías,María,,REALIZADO,
HTAL CNEL OVIEDO,INSTALAR EQUIPO CITOCENTRIFUGADORA Y LLEVAR MICROSCOPIO BOYN HUGO LEIVA,BOYN,2026-07-21,Carlos Fernandez,Carlos Noguera,,REALIZADO,
BAX PHARMA,PERDIDA DE LÍQUIDO EN LA AGUJA INYECTORA,HPLC,2026-07-21,Junior,Claudio,,REALIZADO,
INTN,RELEVAMIENTO DE CENTRIFUGADORA GERBER,BOYN,2026-07-21,Adán,,,REALIZADO,
QUIMFA,MANTENIMIENTO CORRECTIVO HPLC 15,HPLC,2026-07-22,Fernando,Sebastián,,REALIZADO,
QUIMFA,"CALIFICACION 2 HPLC, 1 UV Y UN FTIR",VARIOS,2026-07-22,Jaime,María,,REALIZADO,
HTAL CNEL OVIEDO,INSTALAR EQUIPO CITOCENTRIFUGADORA Y LLEVAR MICROSCOPIO BOYN HUGO LEIVA,BOYN,2026-07-22,Carlos Fernandez,Carlos Noguera,,REALIZADO,
ANALITICA,REVISAR UHFLC 3 Y UHFLC 2,UHFLC,2026-07-22,Junior,,,REALIZADO,
TALLER,VER DETECTOR PARA FARMACO,HPLC,2026-07-22,Junior,,,REALIZADO,
MSP&BS,ENTREGAR ESTUFA BOYN EN VILLA ELISA USF SOL DE AMERICA,ESTUFA,2026-07-22,Claudio,,,REALIZADO,
TALLER,LCMS,LCMS,2026-07-22,Adán,,,REALIZADO,
QUIMFA,"MC HPLC 25,14 Y 15",HPLC,2026-07-23,Fernando,Sebastián,,REALIZADO,
DUTRIEC,MANTENIMIENTO CORRECTIVO HPLC DG EQ 030,HPLC,2026-07-23,Jaime,,,REALIZADO,
TROCIUK,LLEVAR EQUIPO DE AA-7000,AA,2026-07-23,Adán,Claudio,,REALIZADO,
IRIS,RECONEXION DE 2 EQUIPOS GC,GC,2026-07-24,Junior,Carlos Noguera,S09881 Y S09512,REALIZADO,
TROCIUK,LLEVAR EQUIPO DE AA-7000,AA,2026-07-24,Adán,Claudio,,REALIZADO,
CEMIT,MP HPLC 20,HPLC,2026-07-27,Fernando,Sebastián,,REALIZADO,
CEMIT,MP TERMOBALANZA,TERMOBALANZA,2026-07-27,Jaime,,,REALIZADO,
FCQ,CAMBIO DE TUBERIA Y FERRULE,HPLC,2026-07-27,Carlos Fernandez,,,REALIZADO,
ETICOS,PERDIDA DE LIQUIDO EN EL INYECTOR HPLC 22,HPLC,2026-07-27,Junior,Claudio,,REALIZADO,
QUIMFA,LLEVAR DETECTOR HPLC 29,HPLC,2026-07-27,José,Carlos,,REALIZADO,
TALLER,REVISAR LA CONFIG DE DUROMETRO SOTAX,SOTAX,2026-07-27,Adán,,,REALIZADO,
QUIMFA,"MC HPLC 27, HPLC 01",HPLC,2026-07-28,Fernando,Sebastián,,REALIZADO,
QUIMFA,MC EQUIPOS VARIOS,HPLC,2026-07-28,Jaime,,,REALIZADO,
HTAL CLINICAS,LLEVAR DOCUMENTO PARA FIRMAR,RAYOS X,2026-07-28,Carlos Fernandez,Claudio,,REALIZADO,
FARMACO,LLEVAR EL DETECTOR,HPLC,2026-07-28,Carlos Fernandez,Claudio,,REALIZADO,
AGROFUTURO,MP 2 HPLC,HPLC,2026-07-28,José,Carlos Noguera,,REALIZADO,
CEMIT,CALIF HPLC 20,HPLC,2026-07-28,Zulma,María,,REALIZADO,
GUAYAKI,CONFIGURACION DE LOS SOFTWARE Y CALIF,SOFTWARE,2026-07-29,Fernando,Sebastián,,REALIZADO,
SCAVONE,HPLC 29: PROBLEMAS CON LA AGUJA KARINA TULIO,HPLC,2026-07-29,Jaime,Claudio,,REALIZADO,
FARMACO,CAMBIAR EL SENSOR DE GAS,HPLC,2026-07-29,Carlos Fernandez,,,REALIZADO,
AGROFUTURO,MP 2 HPLC,HPLC,2026-07-29,José,Carlos Noguera,,REALIZADO,
FARMACO,CALIF 1 HPLC MODULAR,HPLC,2026-07-29,Zulma,Maria,,REALIZADO,
COMFAR,REVISION DEL SOFTWARE UV,SOFTWARE,2026-07-30,Fernando,,,REALIZADO,
QUIMFA,"HPLC 27,28,29 TIENE RUIDO DE GOTEO",HPLC,2026-07-30,Jaime,,,REALIZADO,
QUIMFA,INSTALACION DE 3 EQUIPOS HPLC UV,HPLC,2026-07-30,Jaime,,,REALIZADO,
SUMI,REVISION DE PENDIENTES/ ARMAR EQUIPO RAYOS X,,2026-07-30,Carlos Fernandez,,,REALIZADO,
ANALITICA,REVISAR EQUIPOS UFLC,UFLC,2026-07-30,Junior,,,REALIZADO,
ANALITICA,MANT PREVENTIVOS VARIOS,VARIOS,2026-07-30,José,,,REALIZADO,
QUIMFA,CALIF 1 FTIR,FTIR,2026-07-30,Zulma,,,REALIZADO,
QUIMFA,VER LICENCIAS DE LOS HPLC NUEVOS,SOFTWARE,2026-07-31,Fernando,,,REALIZADO,
QUIMFA,MANT PREVENTIVO TOC-L ONCOLOGIA,TOC,2026-07-31,Jaime,,,REALIZADO,
FCQ,LLEVAR Y PROBAR LOS SELLOS,HPLC,2026-07-31,Carlos Fernandez,,,REALIZADO,
SCAVONE,RELEVAMIENTO EQUIPOS I+D Y CONTROL DE CALIDAD CELSO CONSOLE,HPLC,2026-07-31,Junior,,,REALIZADO,
TALLER,DUROMETRO,DUROMETRO,2026-07-31,Adán,,,REALIZADO,
QUIMFA,CALIF 1 FTIR,HPLC,2026-07-31,Zulma,,,REALIZADO,
QUIMFA,INSTALACION DE LOS SOTWARE HPLC NUEVO,SOFTWARE,2026-08-03,Fernando,,,REALIZADO,
QUIMFA,REINSTALACION DEL SOFTWARE CONTROL DE CALIDAD,SOFTWARE,2026-08-03,Fernando,,,REALIZADO,
LABSOL,LLEVAR CRONOMETROS PARA CALIBRACION,CRONOMETROS,2026-08-03,Jaime,,,REALIZADO,
INTN,AA-6200: PROBLEMAS DE ENCENDIDO,AA,2026-08-03,Jaime,,,REALIZADO,
INTN,AA-7800: ENCENDIDO DEL GAS NITROSO,AA,2026-08-03,Jaime,,,REALIZADO,
PROSALUD,MANTENIMIENTO PREVENTIVO DEA,HPLC,2026-08-03,José,Claudio,,REALIZADO,
GRAMON,INSTALACION DE 1 HPLC NUEVO,HPLC,2026-08-03,Junior,Sebastián,,REALIZADO,
ETICOS,MP PARA EQUIPOS IYDHPLC08/ IYDHPLC07,HPLC,2026-08-03,Carlos Fernandez,Carlos Noguera,,REALIZADO,
QUIMFA,CALIF 3 HPLC NUEVO,HPLC,2026-08-03,Zulma,María,,REALIZADO,
QUIMFA,CALIF DEL SOFTWARE,SOFTWARE,2026-08-04,Fernando,,,REALIZADO,
TALLER,RAMAN REPUESTO,HPLC,2026-08-04,Carlos Fernandez,Carlos Noguera,,REALIZADO,
QUIMFA,"HPLC14, HPLC41",HPLC,2026-08-04,Junior,,,REALIZADO,
PROSALUD,MANTENIMIENTO PREVENTIVO DEA ANABELLA RIENZI,HPLC,2026-08-04,José,Claudio,,REALIZADO,
ANALITICA,CALIF GC-3,GC,2026-08-04,Adán,,,REALIZADO,
WILMHELM,GC PROBLEMAS DE COLUMNA,GC,2026-08-04,Josias,,,REALIZADO,
QUIMFA,CALIF 3 HPLC NUEVO,HPLC,2026-08-04,Zulma,María,,REALIZADO,
GUAYAKI,INSTALACION DE SOFTWARE CONTINUACION,SOFTWARE,2026-08-05,Fernando,,,REALIZADO,
SCAVONE,UHPLC29 CAMBIO DE REPUESTOS,UHPLC,2026-08-05,Jaime,Sebastián,,REALIZADO,
SCAVONE,HPLC31 MISMO PROBLEMA,HPLC,2026-08-05,Jaime,Sebastián,,REALIZADO,
IRIBAS,VER DENSITOMETRO PROBLEMAS CON LOS RESULTADOS,DENSITOMETRO,2026-08-05,Carlos Fernandez,,,REALIZADO,
FUSQUIM,HPLC 094 CAMBIO DE REPUESTOS Y 474 TIENE PROBLEMAS,HPLC,2026-08-05,Junior,Carlos Noguera,,REALIZADO,
GALENO,HPLC BURBUJAS EN LA CELDA,HPLC,2026-08-05,Junior,Carlos Noguera,,REALIZADO,
PROSALUD,MANTENIMIENTO PREVENTIVO DEA ANABELLA RIENZI,HPLC,2026-08-05,José,Claudio,,REALIZADO,
ANALITICA,CALIF GC-3,GC,2026-08-05,Adán,,,REALIZADO,
QUIMFA,CALIF HPLC NUEVO,HPLC,2026-08-05,Zulma,María,,REALIZADO,
GALENO,REINSTALACION DEL SOFTWARE,SOFTWARE,2026-08-06,Fernando,,,REALIZADO,
GALMEDIC,VER REPUESTO PARA PRESTAMO,HPLC,2026-08-06,Fernando,,,REALIZADO,
GLOBAL PHARMA,MANT Y CALIF UV-1900,UV,2026-08-06,Jaime,Sebastián,,REALIZADO,
PROSALUD,MANT HPLC 076 NESTOR OVELAR,HPLC,2026-08-06,Carlos Fernandez,Carlos Noguera,,REALIZADO,
SCAVONE,LLEVAR REPUESTOS DEL HPLC 029,HPLC,2026-08-06,Junior,,,REALIZADO,
PROSALUD,MANTENIMIENTO PREVENTIVO DEA ANABELLA RIENZI,HPLC,2026-08-06,José,Claudio,,REALIZADO,
ANALITICA,LCMS PICOS FANTASMA,LCMS,2026-08-06,Adán,,,REALIZADO,
GALENO,"CALIF 3 HPLC I-SERIES, 1 HPLC MODULAR Y UN FTIR",HPLC,2026-08-06,Zulma,María,,REALIZADO,
ANALITICA,VER HPLC 1,VARIOS,2026-08-07,Jaime,,,REALIZADO,
FUSQUIM,REVISAR PROBLEMA DEL DETECTOR 094,HPLC,2026-08-07,Junior,Carlos,,REALIZADO,
PROSALUD,MANTENIMIENTO PREVENTIVO DEA ANABELLA RIENZI,HPLC,2026-08-07,José,Claudio,,REALIZADO,
TECNOMYL,VERIFICACION GC 4 Y 5 NO TIENE REPETIBILIDAD,GC,2026-08-07,Adán,,,REALIZADO,
GALENO,"CALIF 3 HPLC I-SERIES, 1 HPLC MODULAR Y UN FTIR",HPLC,2026-08-07,Zulma,,,REALIZADO,
QUIMFA,INCONVENIENTES DE CONEXION HPLC10,HPLC,2026-08-10,Fernando,,,REALIZADO,
SUMI,AUDITORIA ONA,UV,2026-08-10,Jaime,,,REALIZADO,
INPLAST,1 TOMA DE MUESTRA TRANSFORMADOR,TOMA,2026-08-10,Claudio,,,REALIZADO,
TECNOMYL,MANT. PREVENTIVO 1 HPLC HPLC 1-2023-IDE.,HPLC,2026-08-10,Carlos Fernandez,,,REALIZADO,
FUSQUIM,LLEVAR DETECTOR DEL HPLC 094,HPLC,2026-08-10,Junior,Carlos Noguera,,REALIZADO,
PROSALUD,MANTENIMIENTO PREVENTIVO DEA ANABELLA RIENZI,HPLC,2026-08-10,José,Sebastián,,REALIZADO,
SUMI,AUDITORIA ONA,UV,2026-08-10,Zulma,,,REALIZADO,
GUAYAKI,REINSTALACION DE SOFTWARE,SOFTWARE,2026-08-11,Fernando,Sebastian,,REALIZADO,
SUMI,AUDITORIA ONA,UV,2026-08-11,Jaime,,,REALIZADO,
SCAVONE,HPLC 30 Y 36,,2026-08-11,Carlos Fernandez,Claudio,,REALIZADO,
TALLER,HPLC 473,HPLC,2026-08-11,Junior,,,REALIZADO,
FUSQUIM,MANT PREVENTIVO (5 HPLC) Y CORRECTIVO HPLC 136,HPLC,2026-08-11,José,Carlos Noguera,,REALIZADO,
TECNOMYL,GC 04 Y GC 05 NO TIENEN REPETIBILIDAD,GC,2026-08-11,Adán,,,REALIZADO,
SUMI,AUDITORIA ONA,UV,2026-08-11,Zulma,,,REALIZADO,
GUAYAKI,INSTALAR Y CALIFICAR SOFTAWARE,SOFTWARE,2026-08-12,Fernando,Sebastián,,REALIZADO,
SUMI,AUDITORIA ONA,UV,2026-08-12,Jaime,,,REALIZADO,
FUSQUIM,LLEVAR HPLC 473,HPLC,2026-08-12,Junior,Carlos Noguera,,REALIZADO,
TECNOMYL,CAMBIAR CONSUMIBLES HPLC 11 IDE,HPLC,2026-08-12,José,,,REALIZADO,
GALENO,"CALIF 3 HPLC I-SERIES, 1 HPLC MODULAR Y UN FTIR",HPLC,2026-08-12,Zulma,,,REALIZADO,
GUAYAKI,CONFIGURACION DE SOFTWARE CON SHIMADZU BRASIL,SOFTWARE,2026-08-13,Fernando,Sebastián,,REALIZADO,
DALLAS,MANTENIMIENTO PREVENTIVO,POLARIMETRO,2026-08-13,Jaime,,,REALIZADO,
IRIBAS,VER EQUIPO DENSITOMETRO PARA LAS 10:00 HS,DENSITOMETRO,2026-08-13,Carlos Fernandez,Junior,,REALIZADO,
ANALITICA,MP HPLC,HPLC,2026-08-13,José,Carlos Noguera,,REALIZADO,
SCAVONE,GC NO TIENE REPETIBILIDAD,GC,2026-08-13,Adán,Claudio,,REALIZADO,
GALENO,"CALIF 3 HPLC I-SERIES, 1 HPLC MODULAR Y UN FTIR",HPLC,2026-08-13,Zulma,,,REALIZADO,
SUMI,CIRCUITO ODOO CON DIEGO ALMADA,ODOO,2026-08-14,Fernando,,,REALIZADO,
QUIMFA,CALIFICACIÓN EQUIPO UV ESTABILIDAD LORENA ROMERO,UV,2026-08-14,Jaime,,S09989,REALIZADO,
INTN,REVISAR EL NIITROGENO,AA,2026-08-14,Carlos Fernandez,,,REALIZADO,
QUIMFA,HPLC 15 LLEVAR REPUESTO E INSTALAR,HPLC,2026-08-14,Junior,,,REALIZADO,
ANALITICA,MP 1 HPLC,HPLC,2026-08-14,José,,,REALIZADO,
MAAHSA,MANTENIMIENTO PREVENIVO GC,GC,2026-08-14,Adán,Carlos Noguera,S09960 Y S09957,REALIZADO,
GALENO,"CALIF 3 HPLC I-SERIES, 1 HPLC MODULAR Y UN FTIR",HPLC,2026-08-14,Zulma,,,REALIZADO,
SUMI,R4EVISION SEGUIMIENTO DEL ODOO,ODOO,17/082026,Fernando,,,REALIZADO,
SR JERINGAS,MANT Y CALIFICACION AA-7000,AA,17/082026,Jaime,,,REALIZADO,
HOHENAU,INSTALACION DE EQUIPO,DENSITOMETRO,17/082026,Carlos Fernandez,,,REALIZADO,
HOHENAU,INSTALACION DE EQUIPO,DENSITOMETRO,17/082026,Junior,,,REALIZADO,
FUSQUIM,"MP HPLC, LLEVAR HPLC",HPLC,17/082026,José,Carlos Noguera,,REALIZADO,
TECNOMYL,PROBLEMAS CON EL GC,GC,17/082026,Adán,,,REALIZADO,
GALENO,CALIF EQUIPOS HPLC,,17/082026,Zulma,,,REALIZADO,
GUAYAKI,CALIF SOFTWARE,SOFTWARE,2026-08-18,Fernando,,,REALIZADO,
SR JERINGAS,MANT Y CALIFICACION AA-7000,AA,2026-08-18,Jaime,,,REALIZADO,
HOHENAU,INSTALACION DE EQUIPO,DENSITOMETRO,2026-08-18,Carlos Fernandez,,,REALIZADO,
VIRTUAL,TRAINING SHIMADZU,C-ARM,2026-08-18,,,,REALIZADO,
HOHENAU,INSTALACION DE EQUIPO,DENSITOMETRO,2026-08-18,Junior,,,REALIZADO,
TECNOMYL,VERIFICACION DEL HPLC 2,HPLC,2026-08-18,José,,,REALIZADO,
GALENO,CALIF HPLC,HPLC,2026-08-18,Zulma,,,REALIZADO,
ANALITICA,MP EQUIPOS HPLC,HPLC,2026-08-18,Sebastián,Carlos Noguera,,REALIZADO,
BASE BASE,ENTREGAR COMPUTADORA EN BASE BASE,COMPUTADORA,2026-08-18,Claudio,,,REALIZADO,
GRAMON,CALIF HPLC NUEVO,HPLC,2026-08-19,Adán,,,REALIZADO,
GUAYAKI,CALIF SOFTWARE,SOFTWARE,2026-08-19,Fernando,,,REALIZADO,
SR JERINGAS,MANT Y CALIFICACION AA-7000,AA,2026-08-19,Jaime,,,REALIZADO,
HOHENAU,INSTALACION DE EQUIPO,DENSITOMETRO,2026-08-19,Carlos Fernandez,,,REALIZADO,
QUIMFA,HPLC 24 PROBLEMAS CON LA AGUJA,HPLC,2026-08-19,José,,,REALIZADO,
QUIMFA,GC,,,,,,REALIZADO,
QUIMFA,HPLC 20,HPLC,2026-08-19,,,,REALIZADO,
DALLAS,CALIF DEL POLARIMETRO,POLARIMETRO,2026-08-19,Josías,,,REALIZADO,
VIRTUAL,TRAINING SHIMADZU,C-ARM,2026-08-19,,,,REALIZADO,
HOHENAU,INSTALACION DE EQUIPO,DENSITOMETRO,2026-08-19,Junior,,,REALIZADO,
ANALITICA,MP 3 HPLC / DIGESTOR,HPLC,2026-08-19,Sebastián,,,REALIZADO,
ANALITICA,MP 3 HPLC / DIGESTOR,HPLC,2026-08-19,Carlos N.,,,REALIZADO,
BAX PHARMA,HPLC 1 PROBLEMAS DE VACUUM PUMP,HPLC,2026-08-20,José,,,REALIZADO,
GUAYAKI,CALIF DE SOFTWARE,SOFTWARE,2026-08-20,Fernando,,,REALIZADO,
SR JERINGAS,MANT Y CALIFICACION AA-7000,AA,2026-08-20,Jaime,,,REALIZADO,
HOHENAU,INSTALACION DE EQUIPO,DENSITOMETRO,2026-08-20,Carlos Fernandez,,,REALIZADO,
HOHENAU,INSTALACION DE EQUIPO,DENSITOMETRO,2026-08-20,Junior,,,REALIZADO,
GRAMON,CALIF HPLC,HPLC,2026-08-20,Adán,Zulma,,REALIZADO,
ANALITICA,MP 3 HPLC / DIGESTOR,HPLC,2026-08-20,Sebastián,,,REALIZADO,
ANALITICA,MP 3 HPLC / DIGESTOR,HPLC,2026-08-20,Carlos N.,,,REALIZADO,
GUAYAKI,CALIF SOFTWARE,SOFTWARE,2026-08-21,Fernando,,,REALIZADO,
HOHENAU,INSTALACION DE EQUIPO,DENSITOMETRO,2026-08-21,Carlos Fernandez,,,REALIZADO,
HOHENAU,INSTALACION DE EQUIPO,DENSITOMETRO,2026-08-21,Junior,,,REALIZADO,
PROSALUD,HPLC DEA 04 FLUCTUACION DE LA PRESION,HPLC,2026-08-21,José,Claudio,,REALIZADO,
DUTRIEC,HPLC 039 PROBLEMAS DE LA LAMPARA,HPLC,2026-08-21,José,Claudio,,REALIZADO,
ANALITICA,MP VARIOS EQUIPOS,VARIOS,2026-08-21,Sebastián,,,REALIZADO,
ANALITICA,MP VARIOS EQUIPOS,VARIOS,2026-08-21,Carlos N.,,,REALIZADO,
GRAMON,CALIF DE HPLC NUEVO,HPLC,2026-08-21,Adán,,,REALIZADO,
PROSALUD,MANT Y CALIF UV DEA-EUV025 ANABELLA RIENZI,UV,2026-08-24,Jaime,Carlos N.,,REALIZADO,
SCAVONE,MP VARIOS HPLC I+D,HPLC,2026-08-24,Sebastián,,,REALIZADO,
HOSP HOHENAU,CAPACITACION DE USO DENSITOMETRO,DENSITOMETRO,2026-08-24,Carlos Fernandez,,,REALIZADO,
FUSQUIM,LLEVAR EL INYECTOR DEL 094,HPLC,2026-08-24,Junior,,,REALIZADO,
SCAVONE,MP VARIOS HPLC,HPLC,2026-08-24,José,,,REALIZADO,
GRAMON,CALIF 1 HPLC,HPLC,2026-08-24,Adán,,,REALIZADO,
PROSALUD,CALIF 3 EQUIPOS HPLC ANABELLA RIENZI,HPLC,2026-08-24,Zulma,,,REALIZADO,
BLINK,MP DIGESTOR CEM CON LOS REPUESTOS/ RELEVAMIENTO ICPE,CEM/ICPE,2026-08-25,Fernando,Carlos Noguera,,REALIZADO,
QUIMFA,MANTENIMIENTO PREVENTIVO GC-3 VIVIANA SABATE,GC,2026-08-25,Jaime,,,REALIZADO,
HOSP HOHENAU,CAPACITACION DE USO DENSITOMETRO,DENSITOMETRO,2026-08-25,Carlos Fernandez,,,REALIZADO,
PROSALUD,MP AUTOCLAVE BOYN LAURA LOPEZ,AUTOCLAVE,2026-08-25,Claudio,,,REALIZADO,
TALLER,QUIMFA HPLC 15,HPLC,2026-08-25,Junior,,,REALIZADO,
SCAVONE,MP VARIOS HPLC I+D,HPLC,2026-08-25,Sebastián,,,REALIZADO,
SCAVONE,MP VARIOS HPLC CONTROL DE CALIDAD,HPLC,2026-08-25,José,,,REALIZADO,
QUIMFA,"CALIF 3 EQUIPOS HPLC SECTOR ESTABILIDAD QF-CFHPL22, 23 y 24",HPLC,2026-08-25,Adán,,,REALIZADO,
PROSALUD,CALIF 3 EQUIPOS HPLC ANABELLA RIENZI,HPLC,2026-08-25,Zulma,,,REALIZADO,
GUAYAKI,CALIFICACION DE SOFTWARE,SOFTWARE,2026-08-26,Fernando,Carlos Noguera,,REALIZADO,
FARMACO,HPLC 2 PICO FANTASMA,HPLC,2026-08-26,Junior,,,REALIZADO,
QUIMFA,CALIF UV CFESP07 VIVIANA SABATE,,2026-08-26,Jaime,,,REALIZADO,
HOSP HOHENAU,CAPACITACION DE USO DENSITOMETRO,DENSITOMETRO,2026-08-26,Carlos Fernandez,,,REALIZADO,
PROSALUD,MP AUTOCLAVE,AUTOCLAVE,2026-08-26,Claudio,,,REALIZADO,
GALENO,LLEVAR SENSOR PARA CAMBIAR,HPLC,2026-08-26,Junior,,S09808,REALIZADO,
SCAVONE,MP VARIOS HPLC I+D,HPLC,2026-08-26,José,,,REALIZADO,
QUIMFA,"CALIF 3 EQUIPOS HPLC SECTOR ESTABILIDAD QF-CFHPL22, 23 y 24",HPLC,2026-08-26,Adán,,,REALIZADO,
PROSALUD,CALIF 3 EQUIPOS HPLC  076,HPLC,2026-08-26,Zulma,,,REALIZADO,
GUAYAKI,CALIFICACION DE SOFTWARE,SOFTWARE,2026-08-27,Fernando,,,REALIZADO,
QUIMFA,MANT TOC-L VIVIANA SABATE,TOC,2026-08-27,Jaime,,,REALIZADO,
PROSALUD,VERIFICAR HPLC DE ZULMA QUE NO PASA CALIF,HPLC,2026-08-27,Carlos Fernandez,Carlos Noguera,,REALIZADO,
ANALITICA,DIGESTOR DE NITROGENO REVISION DEL VASO,DIGESTOR DE N,2026-08-27,Junior,,,REALIZADO,
SCAVONE,MP VARIOS HPLC I+D,HPLC,2026-08-27,José,,,REALIZADO,
SCAVONE,MP VARIOS HPLC CONTROL DE CALIDAD,HPLC,2026-08-27,José,,,REALIZADO,
QUIMFA,"CALIF 3 EQUIPOS HPLC SECTOR ESTABILIDAD QF-CFHPL22, 23 y 24",HPLC,2026-08-27,Adán,,,REALIZADO,
GUAYAKI,CALIFICACION DE SOFTWARE,SOFTWARE,2026-08-28,Fernando,,,REALIZADO,
INTN,REVISAR LOS EQUIPOS AA DE ADELINA,AA,2026-08-28,Jaime,,,REALIZADO,
FARMACO,HPLC 3: NO SUCCIONA LA FASE MÓVIL,HPLC,2026-08-28,Jaime/Junior,,,REALIZADO,
ETICOS,REPUESTO PARA EL HPLC 22,HPLC,2026-08-28,Junior,,,REALIZADO,
SCAVONE,MP VARIOS HPLC CC,HPLC,2026-08-28,José,,,REALIZADO,
SCAVONE,MP VARIOS EQUIPOS CC,HPLC,2026-08-28,Sebastián,,,REALIZADO,
QUIMFA,VER PLACA DEL INYECTOR DEL HPLC 24/CALIF,HPLC,2026-08-28,Adán,,,REALIZADO,
PROSALUD,CALIF EQUIPO HPLC,HPLC,2026-08-28,Zulma,,,REALIZADO,
GUAYAKI,CALIFICACION DE SOFTWARE,SOFTWARE,2026-08-31,Fernando,,,REALIZADO,
FUSQUIM,MP EQUIPO 475,HPLC,2026-08-31,Carlos Fernandez,Carlos Noguera,,REALIZADO,
AKTRA,GC EL HORNO NO CALIENTA,GC,2026-08-31,Junior,Claudio,,REALIZADO,
SCAVONE,HPLC 22: CONTINUAR EL MP,HPLC,2026-08-31,Sebastián,José,,REALIZADO,
QUIMFA,CALIF DE HPLC,HPLC,2026-08-31,Adán,,,REALIZADO,
GALMEDIC,CALIF 1 HPLC,HPLC,2026-08-31,Zulma,,S06688,REALIZADO,
FARMEDIS,RELEVAMIENTO AUDITRAIL,SOFTWARE,2026-09-01,Fernando,,,REALIZADO,
ETICOS,HPLC 22: PERDIDA DE LIQUIDO LUGAR DESCONOCIDO,HPLC,2026-09-01,Junior,Carlos Noguera,,REALIZADO,
GALENO,LLEVAR REPUESTO DEL SENSOR DE GAS,HPLC,2026-09-01,José,,,REALIZADO,
MAAHSA,LLEVAR REPUESTO DEL GC-2030,GC,2026-09-01,Adán,Sebastián,S10394,REALIZADO,
IRIS,GC-2030 RUIDO Y LINEA DE BASE NO ESTABILIZA,GC,2026-09-01,Adán,Sebastián,,REALIZADO,
GUAYAKI,CONTINUAR CALIF DE SOFTWARE,SOFTWARE,2026-09-02,Fernando,,,REALIZADO,
CNEA,MP EQUIPO EDX,EDX,2026-09-02,Josías/ Jaime,,,REALIZADO,
GRAMON,LLEVAR E INSTALAR LOS SENSOR GAS HPLC 1 Y 2,HPLC,2026-09-02,Junior,,,REALIZADO,
SCAVONE,MANTENIMIENTO PREVENTIVO HPLC 24 Y HPLC 17,HPLC,2026-09-02,José,,,REALIZADO,
BASE BASE,LLEVAR REPUESTO DE GC E INSTALAR REALIZAR CALIFICACION,GC,2026-09-02,Adán,Carlos Noguera,"S09491, Y 9095, 9103",REALIZADO,
GRAMON,CALIF 3 HPLC,HPLC,2026-09-02,Zulma,,9235.0,REALIZADO,
GRAMON,CORRECTIVO DESINTEGRADOR SOTAX,DESINTEGRADOR,2026-09-02,Junior,,,REALIZADO,
SCAVONE,MANTENIMIENTO PREVENTIVO HPLC 24 Y HPLC 17,HPLC,2026-09-02,Sebastián,,,REALIZADO,
GUAYAKI,CALIF SOFTWARE REMOTAMENTE,VARIOS,2026-09-03,Fernando,,,REALIZADO,
SCAVONE,4 CALIF PQ EQUIPOS HPLC SHIMADZU,UV,2026-09-03,Jaime,,,REALIZADO,
QUIMFA,RELEVAMIENTO EQUIPOS HPLC 31 Y HPLC 36,HPLC,2026-09-03,Carlos Fernandez,,,REALIZADO,
GALMEDIC,MP 3 HPLC,HPLC,2026-09-03,Junior,,,REALIZADO,
SCAVONE,UHPLC 20,HPLC,2026-09-03,José,,,REALIZADO,
PROSALUD,CAPACITACION EQUIPO GC 14:00 Hs SECTOR FISICO QUIMICO,GC,2026-09-03,Josias,,,REALIZADO,
BASE BASE,CALIF 1 EQUIPO GC,GC,2026-09-03,Adán,,,REALIZADO,
GRAMON,CALIF 3 HPLC,HPLC,2026-09-03,Zulma,,,REALIZADO,
SCAVONE,MP CONTROL DE CALIDAD,HPLC,2026-09-03,Sebastián,,,REALIZADO,
QUIMFA,RELEVAMIENTO EQUIPOS HPLC 31 Y HPLC 36,HPLC,2026-09-03,Carlos Noguera,,,REALIZADO,
GALMEDIC,MP 3 HPLC,HPLC,2026-09-03,Claudio,,,REALIZADO,
GRAMON,HPLC PROBLEMAS DE ENERGIA,HPLC,2026-09-04,Fernando,,,REALIZADO,
SCAVONE,CALIF 2 EQUIPOS UV,UV,2026-09-04,Jaime,,,REALIZADO,
GALMEDIC,MP 3 HPLC,HPLC,2026-09-04,Carlos Fernandez,,,REALIZADO,
IRIS,VERIFICACION GC 2010 Y GC 2030,GC,2026-09-04,Junior,,,REALIZADO,
TALLER,LIMPIEZA,,2026-09-04,José,,,REALIZADO,
IRIS,VERIFICACION GC 2010 Y GC 2030,GC,2026-09-04,Adán,Carlos Noguera,,REALIZADO,
GRAMON,CALIF 3 HPLC,HPLC,2026-09-04,Zulma,,,REALIZADO,
TALLER,LIMPIEZA,,2026-09-04,Sebastián,,,REALIZADO,
GALMEDIC,MP 3 HPLC,HPLC,2026-09-04,Claudio,,,REALIZADO,
GUAYAKI,CAPACITACION DE SOFTWARE,HPLC,2026-09-07,Fernando/Josias,,,REALIZADO,
FCQ,AA-6300 NO REPRODUCIR LAS LECTURAS Y PROBLEMAS DE LAMPARA,AA,2026-09-07,Jaime,,,REALIZADO,
SCAVONE,VERIFICACION DE UV DE DESARROLLO,UV,2026-09-07,Jaime,,,REALIZADO,
QUIMFA,HPLC 24: PROBLEMAS CON LA AGUJA,HPLC,2026-09-07,Carlos Fernandez,,,REALIZADO,
QUIMFA,HPLC 40: PERDIDA DE LIQUIDO,HPLC,2026-09-07,Junior,,,REALIZADO,
ALMOS,RELEVAMIENTO HPLC,HPLC,2026-09-07,José,,,REALIZADO,
GALMEDIC,TERMINAR PRUEBAS DE MANT PREVENTIVO,HPLC,2026-09-07,Claudio/José,,,REALIZADO,
FARMACO,IMPRESORA AUTOCLAVE NO IMPRESORA,HPLC,2026-09-07,Claudio/José,,,REALIZADO,
ETICOS,GC02: ERROR EN LA CORRIDA,GC,2026-09-07,Adán,,,REALIZADO,
GRAMÓN,CALIF HPLC,HPLC,2026-09-07,Zulma,,,REALIZADO,
GUAYAKI,CAPACITACION DE SOFTWARE,HPLC,2026-09-07,Sebastián,,,REALIZADO,
ETICOS,GC02: ERROR EN LA CORRIDA,GC,2026-09-07,Carlos Noguera,,,REALIZADO,
ALMOS,RELEVAMIENTO HPLC,HPLC,2026-09-07,Claudio,,,REALIZADO,
GUAYAKI,CAPACITACION DE SOFTWARE,HPLC,2026-09-08,Fernando,,,REALIZADO,
SCAVONE,CALIF UV MICROBIOLOGÍA,UV,2026-09-08,Jaime,,,REALIZADO,
HTAL DEL TRAUMA,ENTREGA DE ADAPTADOR CENTRIFUGA BOYN,BOYN,2026-09-08,Carlos Fernandez,,,REALIZADO,
FARMACO,IMPRESORA DE AUTOCLAVE NO IMPRIME,BOYN,2026-09-08,Junior,,,REALIZADO,
MSP&BS,ENTREGA DE ESTUFAS EN LA CIUDAD DE SAN LORENZO Y PIRAYU,BOYN,2026-09-08,José,,,REALIZADO,
ANALITICA,CONTINUAR CALIF GCMS Y OTROS PENDIENTES,GCMS,2026-09-08,Adán,,,REALIZADO,
GRAMON,CALIF HPLC/ SOFTWARE,SOFTWARE,2026-09-08,Zulma,,,REALIZADO,
GUAYAKI,CAPACITACION DE SOFTWARE,HPLC,2026-09-08,Sebastián,,,REALIZADO,
MSP&BS,ENTREGA DE ESTUFA EN LA CIUDAD DE SAN LORENZO,BOYN,2026-09-08,Carlos Noguera,,,REALIZADO,
FARMACO,IMPRESORA DE AUTOCLAVE NO IMPRIME,BOYN,2026-09-08,Claudio,,,REALIZADO,
GUAYAKI,CAPACITACION CON CARLOS SOLIS,SOFTWARE,2026-09-09,Fernando,,,REALIZADO,
QUIMFA,TOC NO SALE LA CURVA VIVIANA SABATE,TOC,2026-09-09,Jaime,,,REALIZADO,
GALMEDIC,VERIFICACION DE HPLC,HPLC,2026-09-09,Junior,,,REALIZADO,
QUIMFA,MP HPLC 31,HPLC,2026-09-09,José,,,REALIZADO,
SCAVONE,CALIF DE GC-2010,GC,2026-09-09,Adán,,,REALIZADO,
ANALITICA,CALIF HPLC CON DETECTOR UV,HPLC,2026-09-09,Zulma,,,REALIZADO,
GUAYAKI,CAPACITACION CON CARLOS SOLIS,,2026-09-09,Sebastián,,,REALIZADO,
QUIMFA,MP HPLC 31,HPLC,2026-09-09,Carlos Noguera,,,REALIZADO,
GALMEDIC,VERIFICACION DE HPLC,,2026-09-09,,,,REALIZADO,
GUAYAKI,CALIF SOFTWARE Y CAPACITACION CON CARLOS SOLIS,SOFTWARE,2026-09-10,Fernando,,,REALIZADO,
QUIMFA,VERIFICACION TOC PROBLEMAS LINEA DE BASE,TOC,2026-09-10,Jaime,,,REALIZADO,
TALLER,RAMAN CAMBIAR FLEX,RAMAN,2026-09-10,Carlos Fernandez,JUNIOR,,REALIZADO,
TALLER,ARMAR EQUIPO RAYOS X,RAYOS X,2026-09-10,Junior,CARLOS,,REALIZADO,
QUIMFA,MP UV DE LORENA ROMERO,UV,2026-09-10,José,,,REALIZADO,
SCAVONE,GC,GC,2026-09-10,,,,REALIZADO,
ANALITICA,CALIF DETECTOR ECD DE ANALITICA,GC,2026-09-10,Adán,,,REALIZADO,
PROSALUD,CAPACITACION DE GC,GC,2026-09-10,Josías,,,REALIZADO,
GUAYAKI,CALIF SOFTWARE Y CAPACITACION,SOFTWARE,2026-09-10,Sebastián,,,REALIZADO,
SCAVONE,GC Y RELEVAMIENTO DE SOTAX,DISOLUTOR,2026-09-10,Carlos Noguera,,,REALIZADO,
TALLER,,,2026-09-10,Claudio,,,REALIZADO,
GUAYAKI,CALIF DE SOFTWARE,SOFTWARE,2026-09-11,Fernando,,,REALIZADO,
PROSALUD,LLEVAR RAMAN CON MP AL DÍA,RIGAKU,2026-09-11,Junior,,,REALIZADO,
GALENO,BAÑO ULTRASÓNICO,,2026-09-11,José,,,REALIZADO,
ANALITICA,REPUESTOS DEL GCMS Y CALIF,GCMS,2026-09-11,Adán,,,REALIZADO,
GUAYAKI,CALIF DE SOFTWARE,SOFTWARE,2026-09-11,Sebastián,,,REALIZADO,
ANALITICA,REPUESTOS DEL GCMS Y CALIF,GCMS,2026-09-11,Carlos Noguera,,,REALIZADO,
GALENO,BAÑO ULTRASÓNICO,,2026-09-11,Claudio,,,REALIZADO,
GUAYAKI,CALIF DE SOFTWARE,SOFTWARE,2026-09-14,Fernando,,,REALIZADO,
GUAYAKI,PRESUPUESTO DE CAPACITACION DE MANEJO Y CUIDADO DE LOS EQUIPOS,"UV,HPLC,IR",2026-09-14,Yasmin,,,REALIZADO,
GUAYAKI,Presupuestar la tapa del IR Windows,IR,2026-09-14,Yasmin,,,REALIZADO,
QUIMFA,HPLC 27 Y PROBLEMAS DE LAMPARA HPLC 28 PROBLEMAS DE RED,HPLC,2026-09-14,Carlos Fernandez,,,REALIZADO,
TALLER,SONICADOR DE GALENO PROBLEMAS DE PLACA,SONICADOR,2026-09-14,José,,,REALIZADO,
ANALITICA,VER LCMS Y GCMS,LCMS,2026-09-14,Adán,,,REALIZADO,
QUIMFA,CALIF 3 HPLC ESTABILIDAD HPLC 14 Y HPLC 19,HPLC,2026-09-14,Zulma,S10644,,REALIZADO,
GUAYAKI,CALIF DE SOFTWARE,SOFTWARE,2026-09-14,Sebastián,,,REALIZADO,
ANALITICA,VER LCMS Y GCMS,LCMS,2026-09-14,Carlos Noguera,,,REALIZADO,
TALLER,SONICADOR DE GALENO PROBLEMAS DE PLACA,SONICADOR,2026-09-14,Claudio,,,REALIZADO,
GUAYAKI,CALIF DE SOFTWARE,SOFTWARE,2026-09-15,Fernando,,,REALIZADO,
MAAHSA,ENTREGA DE TERMOBALANZA Y CAPACITACION,TERMOBALANZA,2026-09-15,Jaime,,,REALIZADO,
MAAHSA,ENTREGA DE TERMOBALANZA Y CAPACITACION,TERMOBALANZA,2026-09-15,Carlos Fernandez,,,REALIZADO,
TALLER,SONICADOR DE GALENO,SONICADOR,2026-09-15,José,,,REALIZADO,
ANALITICA,VER LCMS Y GCMS,LCMS,2026-09-15,Adán,,,REALIZADO,
QUIMFA,CALIF 3 HPLC ESTABILIDAD,HPLC,2026-09-15,Zulma,,,REALIZADO,
GUAYAKI,CALIF DE SOFTWARE,SOFTWARE,2026-09-15,Sebastián,,,REALIZADO,
ANALITICA,VER LCMS Y GCMS,LCMS,2026-09-15,Carlos Noguera,,,REALIZADO,
TALLER,SONICADOR DE GALENO,SONICADOR,2026-09-15,Claudio,,,REALIZADO,
ANALITICA,CALIF DE SOFTWARE,SOFTWARE,2026-09-16,Fernando,,,REALIZADO,
SCAVONE,MP GC-2010,GC,2026-09-16,Jaime,,,REALIZADO,
QUIMFA,HPLC 19 CAMBIO DE LAMPARA Y VERIFICACION DE ENERGIA,HPLC,2026-09-16,Carlos Fernandez,,,REALIZADO,
GRAMON,HPLC 1: PERDIDA DE LIQUIDO,HPLC,2026-09-16,Junior,,,REALIZADO,
IRIS,MANT PREVENTIVO UV-1900,UV,2026-09-16,José,,,REALIZADO,
PROSALUD,MANT PREVENTIVO GC Y CALIF,GC,2026-09-16,Adán,,,REALIZADO,
QUIMFA,CALIF 3 HPLC ESTABILIDAD HPLC 14 Y HPLC 19,HPLC,2026-09-16,Zulma,,,REALIZADO,
GUAYAKI,CALIF DE SOFTWARE,SOFTWARE,2026-09-16,Sebastián,,,REALIZADO,
ANALITICA,VER GCMS,GCMS,2026-09-16,Adán,,,REALIZADO,
PROSALUD,MANT PREVENTIVO GC Y CALIF,GC,2026-09-16,Carlos Noguera,,,REALIZADO,
SCAVONE,MP GC-2010,GC,2026-09-16,Claudio,,,REALIZADO,
GUAYAKI,CALIF SOFTWARE,SOFTWARE,2026-09-17,Fernando,,,REALIZADO,
FARMACO,HPLC PRESTAMO PROBLEMAS DE DSR,HPLC,2026-09-17,Junior,,,REALIZADO,
PROSALUD,CALIF EQUIPO GC,GC,2026-09-17,Adán,Verónica,,REALIZADO,
GUAYAKI,CALIF SOFTWARE,SOFTWARE,2026-09-17,Sebastián,,,REALIZADO,
FARMACO,HPLC PRESTAMO PROBLEMAS DE DSR,HPLC,2026-09-17,Claudio,,,REALIZADO,
GUAYAKI,CALIF Y CAPACITACION LAB CS,SOFTWARE,2026-09-18,Fernando,,,REALIZADO,
QUIMFA,CAMBIAR EL FILTRO DE HOLMIO,HPLC,2026-09-18,Jaime,,,REALIZADO,
QUIMFA,RETIRAR LOS HPLC DE PRESTAMO,HPLC,2026-09-18,Carlos Fernandez,,,REALIZADO,
QUIMFA,RETIRAR LOS HPLC DE PRESTAMO,HPLC,2026-09-18,Junior,,,REALIZADO,
QUIMFA,CAMBIAR EL FILTRO DE HOLMIO,HPLC,2026-09-18,José,,,REALIZADO,
PROSALUD,CALIF GC,GC,2026-09-18,Adán,Verónica,,REALIZADO,
GUAYAKI,CALIF Y CAPACITACION LAB CS,SOFTWARE,2026-09-18,Sebastián,,,REALIZADO,
QUIMFA,CAMBIAR EL FILTRO DE HOLMIO,HPLC,2026-09-18,Carlos Noguera,,,REALIZADO,
PROSALUD,CALIF GC,GC,2026-09-18,Claudio,,,REALIZADO,
GUAYAKI,CALIF SOFTWARE,SOFTWARE,2026-09-21,Fernando,,,REALIZADO,
DIGESA,MANT PREVENTIVO AA-7000,AA,2026-09-21,Adán,,,REALIZADO,
GRAMON,HPLC 5: NO GUARDA LA CORRIDA,,2026-09-21,Carlos Fernandez,,,REALIZADO,
ALMOS,"MP 2 UV, 1 TOC Y UN IR",CALIF,2026-09-21,Claudio,,,REALIZADO,
ALMOS,"CALIF 2 UV, 1 TOC Y UN IR",CALIF,2026-09-21,Jaime,,,REALIZADO,
GUAYAKI,CALIF SOFTWARE,SOFTWARE,2026-09-21,Sebastián,,,REALIZADO,
DIGESA,MANT PREVENTIVO AA-7000,AA,2026-09-21,Junior,,,REALIZADO,
GUAYAKI,CALIF SOFTWARE,SOFTWARE,2026-09-22,Fernando,,,PENDIENTE,
ALMOS,"CALIF 2 UV, 1 TOC Y UN IR",VARIOS,2026-09-22,Jaime,Verónica,,PENDIENTE,
CEMIT,"MP HPLC 17, HPLC 18 E IR",VARIOS,2026-09-22,Carlos Fernandez,,,PENDIENTE,
DIGESA,MP Y MC AA-7000,VARIOS,2026-09-22,Junior,,,PENDIENTE,
DIGESA,MP Y MC AA-7000,VARIOS,2026-09-22,Adán,,,PENDIENTE,
QUIMFA,GC MATERIA PRIMA: PRESENTA ERROR DE GAS DIONISIO CANTERO,GC,2026-09-22,Adán,,,PENDIENTE,
CEMIT,"MP HPLC 17, HPLC 18 E IR",VARIOS,2026-09-22,Sebastián,,,PENDIENTE,
ALMOS,"CALIF 2 UV, 1 TOC Y UN IR",VARIOS,2026-09-22,Claudio,,,PENDIENTE,
GRAMON,HPLC 5: NO GUARDA LAS CORRIDAS,SOFTWARE,2026-09-23,Fernando,,,LICITACION,
GUAYAKI,CALIF SOFTWARE,SOFTWARE,2026-09-23,Fernando,,,LICITACION,
ALMOS,"CALIF 2 UV, 1 TOC Y UN IR",VARIOS,2026-09-23,Jaime,,,LICITACION,
CEMIT,"MP HPLC 17, HPLC 18 E IR",VARIOS,2026-09-23,Carlos Fernandez,,,LICITACION,
QUIMFA,error en la presión primaria del GAS.,GC,2026-09-23,Junior,,,LICITACION,
TECNOMYL,HPLC3 Y HPLC 4: CAMBIO DE CONSUMIBLES GUSTAVO VOLLING,VARIOS,2026-09-23,José,,,LICITACION,
CEMIT,"CALIF HPLC 17, HPLC 18 E IR",VARIOS,2026-09-23,Adán,Verónica,,LICITACION,
ALMOS,"MP 2 UV, 1 TOC Y UN IR",VARIOS,2026-09-23,Claudio,,,LICITACION,
GUAYAKI,CALIF DE SOFTWARE,SOFTWARE,2026-09-24,Fernando,,,LICITACION,
ALMOS,"CALIF 2 UV, 1 TOC Y UN IR",VARIOS,2026-09-24,Jaime,,,LICITACION,
CEMIT,"CALIF HPLC 17, HPLC 18 E IR",VARIOS,2026-09-24,Adán,Verónica,,LICITACION,
QUIMFA,CALIF HPLC 19,HPLC,2026-09-24,Zulma,,,LICITACION,
AGROFUTURO,CALIF 2 EQUIPOS HPLC,HPLC,2026-09-29,Zulma,,,ALERTA,
CORPEXIM,MANT Y CALIF 2 EQUIPOS UV,UV,2026-09-30,Jaime,,,ALERTA,
CORPEXIM,MANT Y CALIF 2 EQUIPOS UV,UV,2026-09-30,Sebastián,,,ALERTA,
FARMACO,TALLER DE SUMI; NO INICIA,balanza,,JUNIOR,,,PENDIENTE,
QUIMFA,PLACA INJ OVEN,HPLC 14,,,PENDIENTE DE ENVIO,,PENDIENTE,
QUIMFA,Z PRING,HPLC 14,,,PENDIENTE DE ENVIO,,PENDIENTE,
